-- phpMyAdmin SQL Dump
-- version 4.9.0.1
-- https://www.phpmyadmin.net/
--
-- Host: 127.0.0.1
-- Gegenereerd op: 21 apr 2020 om 15:05
-- Serverversie: 10.4.6-MariaDB
-- PHP-versie: 7.3.8

SET SQL_MODE = "NO_AUTO_VALUE_ON_ZERO";
SET AUTOCOMMIT = 0;
START TRANSACTION;
SET time_zone = "+00:00";


/*!40101 SET @OLD_CHARACTER_SET_CLIENT=@@CHARACTER_SET_CLIENT */;
/*!40101 SET @OLD_CHARACTER_SET_RESULTS=@@CHARACTER_SET_RESULTS */;
/*!40101 SET @OLD_COLLATION_CONNECTION=@@COLLATION_CONNECTION */;
/*!40101 SET NAMES utf8mb4 */;

--
-- Database: `zalando`
--

-- --------------------------------------------------------

--
-- Tabelstructuur voor tabel `tblartikels`
--

CREATE TABLE `tblartikels` (
  `Artnr` varchar(7) NOT NULL DEFAULT '',
  `Categorie` varchar(11) DEFAULT NULL,
  `Subcategorie` varchar(21) DEFAULT NULL,
  `Merk` varchar(20) DEFAULT NULL,
  `Omschrijving` varchar(42) DEFAULT NULL,
  `Prijs` decimal(5,2) DEFAULT NULL
) ENGINE=InnoDB DEFAULT CHARSET=utf8;

--
-- Gegevens worden geëxporteerd voor tabel `tblartikels`
--

INSERT INTO `tblartikels` (`Artnr`, `Categorie`, `Subcategorie`, `Merk`, `Omschrijving`, `Prijs`) VALUES
('ART1001', 'Sneakers', 'Lage sneakers', 'Adidas Originals', 'Stan Smith - Sneakers laag - running whit', '89.95'),
('ART1002', 'Sneakers', 'Lage sneakers', 'Vans', 'Authentic - Sneakers laag - floral smoked', '69.95'),
('ART1003', 'Sneakers', 'Lage sneakers', 'Vans', 'Classic - Instappres - metallic bronze', '74.95'),
('ART1004', 'Sneakers', 'Lage sneakers', 'Nike Sportswear', 'Air Max 1 Ultra Essentials - Sneakers', '134.95'),
('ART1005', 'Sneakers', 'Lage sneakers', 'Tamaris', 'Sneakers laag - grey', '59.95'),
('ART1006', 'Sneakers', 'Lage sneakers', 'Superga', 'Cotu Classic - Sneakers laag - navy', '59.95'),
('ART1007', 'Sneakers', 'Lage sneakers', 'Anna Field', 'Sneakers laag - black', '14.95'),
('ART1008', 'Sneakers', 'Lage sneakers', 'SPM', 'Samoa - Sneakers laag - black/white', '109.95'),
('ART1009', 'Sneakers', 'Lage sneakers', 'Vans', 'ISO 1.5 - Sneakers laag - turquoise', '84.95'),
('ART1010', 'Sneakers', 'Hoge sneakers', 'Dockers by Gerli', 'Sneakers hoog - beige', '44.95'),
('ART1011', 'Sneakers', 'Hoge sneakers', 'Café Noir', 'Sneakers hoog - beige', '139.95'),
('ART1012', 'Sneakers', 'Hoge sneakers', 'Bugatti', 'Sneakers hoog - light blue', '89.95'),
('ART1013', 'Sneakers', 'Hoge sneakers', 'Gabor', 'Sneakers hoog - military samtchevreau', '99.95'),
('ART1014', 'Sneakers', 'Hoge sneakers', 'Nike Sportswear', 'Dunk Sky - Sneakers hoog - white/dove grey', '119.95'),
('ART1015', 'Sneakers', 'Hoge sneakers', 'British Knights', 'Roco - Sneakers hoog - cognag', '54.95'),
('ART1016', 'Sneakers', 'Hoge sneakers', 'Tom Tailor Denim', 'Sneakers hoog - taupe', '49.95'),
('ART1017', 'Sneakers', 'Hoge sneakers', 'Blackstone', 'Sneakers hoog - pink', '129.95'),
('ART2001', 'Pumps', 'Peeptoes', 'Miss KG', 'Ella - Peeptoes - nude', '109.95'),
('ART2002', 'Pumps', 'Peeptoes', 'Even&Odd', 'Peeptoes - nude', '32.95'),
('ART2003', 'Pumps', 'Peeptoes', 'Michael Michael Kors', 'Keegan - Peeptoes - dark nude', '134.95'),
('ART2004', 'Pumps', 'Peeptoes', 'Lipsy', 'Vivian - Peeptoes - nude', '74.95'),
('ART2005', 'Pumps', 'Peeptoes', 'Calvin Klein Jeans', 'Electra - Peeptoes - midnight/natural', '89.95'),
('ART2006', 'Pumps', 'Peeptoes', 'Tamaris', 'Peeptoes - black', '59.95'),
('ART2007', 'Pumps', 'Klassieke pumps', 'Bugatti', 'Plateaupumps - black/white', '44.95'),
('ART2008', 'Pumps', 'Klassieke pumps', 'Gabor', 'Plateaupumps - antikrosa kaffir-lack ht', '69.95'),
('ART2009', 'Pumps', 'Klassieke pumps', 's.Oliver', 'Klassieke pumps - black', '44.95'),
('ART2010', 'Pumps', 'Klassieke pumps', 'Pier One', 'Klassieke pumps - multicolor', '30.95'),
('ART2011', 'Pumps', 'Klassieke pumps', 'Anna Field', 'Hoge hakken - green', '20.95'),
('ART2012', 'Pumps', 'Klassieke pumps', 'Pier One', 'Klassieke pumps - black', '35.95'),
('ART2013', 'Pumps', 'Klassieke pumps', 'Gabor', 'Klassieke pumps - taupe', '74.95'),
('ART2014', 'Pumps', 'Klassieke pumps', 'Mai Piu Senza', 'Klassieke pumps - rosso', '99.95'),
('ART2015', 'Pumps', 'Klassieke pumps', 'Bugatti', 'Plateaupumps - taupe/light blue', '49.95'),
('ART2016', 'Pumps', 'Klassieke pumps', 'Zign', 'Klassieke pumps - nude', '79.95'),
('ART2017', 'Pumps', 'Sleehakken', 'Marco Tozzi', 'Sleehakken - navy', '49.95'),
('ART2018', 'Pumps', 'Sleehakken', 'Anna Field', 'Sleehakken - black', '29.95'),
('ART2019', 'Pumps', 'Sleehakken', 'Tamaris', 'Sleehakken - white/multicolor', '59.95'),
('ART2020', 'Pumps', 'Sleehakken', 'Kanna', 'Sleehakken - natural/silver', '69.95'),
('ART2021', 'Pumps', 'Sleehakken', 'Michael Michael Kors', 'Keegan - Peeptoes - black', '134.95'),
('ART2022', 'Pumps', 'Sleehakken', 'Kanna', 'Hoge hakken - natural/pink', '69.95'),
('ART2023', 'Ballerina\'s', 'Klassieke ballerina\'s', 'Tamaris', 'Ballerina\'s - silver', '39.95'),
('ART2024', 'Ballerina\'s', 'Klassieke ballerina\'s', 'Tamaris', 'Ballerina\'s - black', '39.95'),
('ART2025', 'Ballerina\'s', 'Klassieke ballerina\'s', 'Gabor', 'Ballerina\'s - dark nude/rose', '89.95'),
('ART2026', 'Ballerina\'s', 'Klassieke ballerina\'s', 'Tamaris', 'Ballerina\'s - nude', '39.95'),
('ART2027', 'Ballerina\'s', 'Klassieke ballerina\'s', 'Kiomi', 'Ballerina\'s - apricot/black', '49.95'),
('ART2028', 'Ballerina\'s', 'Klassieke ballerina\'s', 'Gabor', 'Ballerina\'s - beige', '74.95'),
('ART2029', 'Ballerina\'s', 'Klassieke ballerina\'s', 'Kiomi', 'Ballerina\'s - beige', '49.95'),
('ART2030', 'Ballerina\'s', 'Klassieke ballerina\'s', 'Anna Field', 'Ballerina\'s - beige', '19.95'),
('ART2031', 'Ballerina\'s', 'Vouwbare ballerina\'s', 'Tamaris', 'Vouwbare ballerina\'s - nude', '49.95'),
('ART2032', 'Ballerina\'s', 'Vouwbare ballerina\'s', 'Anna Field', 'Slingback ballerina\'s - cognac', '29.95'),
('ART2033', 'Ballerina\'s', 'Vouwbare ballerina\'s', 'Café Noir', 'Vouwbare ballerina\'s - offwhite', '69.95'),
('ART2034', 'Ballerina\'s', 'Vouwbare ballerina\'s', 'Liebeskind', 'Vouwbare ballerina\'s - powder', '79.95'),
('ART2035', 'Ballerina\'s', 'Vouwbare ballerina\'s', 'Liebeskind', 'Vouwbare ballerina\'s - caramel', '79.95'),
('ART2036', 'Ballerina\'s', 'Peeptoe ballerina\'s', 'lilimill', 'Atena - Peeptoe ballerina\'s - cuoio', '114.95'),
('ART2037', 'Ballerina\'s', 'Peeptoe ballerina\'s', 'Petite Mendigote', 'Puce - Peeptoe ballerina\'s - limonade', '124.95'),
('ART2038', 'Ballerina\'s', 'Peeptoe ballerina\'s', 'lilimill', 'Atena - Peeptoe ballerina\'s - tiffany', '114.95'),
('ART2039', 'Ballerina\'s', 'Peeptoe ballerina\'s', 'Tamaris', 'Peeptoe ballerina\'s - black', '44.95');

-- --------------------------------------------------------

--
-- Tabelstructuur voor tabel `tblbestellijnen`
--

CREATE TABLE `tblbestellijnen` (
  `BestellijnID` varchar(14) NOT NULL DEFAULT '',
  `Bestelling` varchar(10) DEFAULT NULL,
  `Artikel` varchar(7) DEFAULT NULL,
  `Aantal` int(1) DEFAULT NULL,
  `Maat` int(2) DEFAULT NULL
) ENGINE=InnoDB DEFAULT CHARSET=utf8;

--
-- Gegevens worden geëxporteerd voor tabel `tblbestellijnen`
--

INSERT INTO `tblbestellijnen` (`BestellijnID`, `Bestelling`, `Artikel`, `Aantal`, `Maat`) VALUES
('Bestellijn1001', 'BESTEL1001', 'ART1009', 1, 37),
('Bestellijn1002', 'BESTEL1001', 'ART2029', 1, 41),
('Bestellijn1003', 'BESTEL1001', 'ART2016', 1, 42),
('Bestellijn1004', 'BESTEL1002', 'ART1016', 1, 42),
('Bestellijn1005', 'BESTEL1003', 'ART1017', 1, 42),
('Bestellijn1006', 'BESTEL1004', 'ART2032', 1, 43),
('Bestellijn1007', 'BESTEL1004', 'ART1004', 1, 40),
('Bestellijn1008', 'BESTEL1005', 'ART2006', 1, 38),
('Bestellijn1009', 'BESTEL1005', 'ART1015', 1, 37),
('Bestellijn1010', 'BESTEL1006', 'ART1009', 1, 42),
('Bestellijn1011', 'BESTEL1006', 'ART2004', 1, 44),
('Bestellijn1012', 'BESTEL1007', 'ART2002', 1, 40),
('Bestellijn1013', 'BESTEL1007', 'ART2039', 1, 40),
('Bestellijn1014', 'BESTEL1008', 'ART2013', 1, 38),
('Bestellijn1015', 'BESTEL1008', 'ART2023', 1, 42),
('Bestellijn1016', 'BESTEL1009', 'ART2027', 1, 39),
('Bestellijn1017', 'BESTEL1009', 'ART2003', 1, 38),
('Bestellijn1018', 'BESTEL1010', 'ART1004', 1, 39),
('Bestellijn1019', 'BESTEL1010', 'ART1017', 1, 42),
('Bestellijn1020', 'BESTEL1010', 'ART2025', 1, 41),
('Bestellijn1021', 'BESTEL1011', 'ART2012', 1, 38),
('Bestellijn1022', 'BESTEL1011', 'ART2018', 1, 41),
('Bestellijn1023', 'BESTEL1011', 'ART2027', 1, 42),
('Bestellijn1024', 'BESTEL1011', 'ART1002', 1, 40),
('Bestellijn1025', 'BESTEL1012', 'ART1007', 1, 41),
('Bestellijn1026', 'BESTEL1012', 'ART1012', 1, 37),
('Bestellijn1027', 'BESTEL1013', 'ART1002', 1, 41),
('Bestellijn1028', 'BESTEL1013', 'ART2010', 1, 41),
('Bestellijn1029', 'BESTEL1014', 'ART2028', 1, 37),
('Bestellijn1030', 'BESTEL1014', 'ART2039', 1, 42),
('Bestellijn1031', 'BESTEL1015', 'ART2021', 1, 37),
('Bestellijn1032', 'BESTEL1015', 'ART2001', 1, 44),
('Bestellijn1033', 'BESTEL1016', 'ART1011', 1, 42),
('Bestellijn1034', 'BESTEL1016', 'ART1005', 1, 42),
('Bestellijn1035', 'BESTEL1016', 'ART2033', 1, 39),
('Bestellijn1036', 'BESTEL1017', 'ART1007', 1, 38),
('Bestellijn1037', 'BESTEL1018', 'ART2011', 1, 40),
('Bestellijn1038', 'BESTEL1019', 'ART2032', 1, 42),
('Bestellijn1039', 'BESTEL1019', 'ART2037', 1, 37),
('Bestellijn1040', 'BESTEL1020', 'ART2011', 1, 39),
('Bestellijn1041', 'BESTEL1021', 'ART2026', 1, 41),
('Bestellijn1042', 'BESTEL1022', 'ART1012', 1, 39),
('Bestellijn1043', 'BESTEL1023', 'ART2009', 1, 38),
('Bestellijn1044', 'BESTEL1023', 'ART2031', 1, 43),
('Bestellijn1045', 'BESTEL1024', 'ART1011', 1, 37),
('Bestellijn1046', 'BESTEL1025', 'ART2037', 1, 39),
('Bestellijn1047', 'BESTEL1026', 'ART1015', 1, 43),
('Bestellijn1048', 'BESTEL1026', 'ART2032', 1, 44),
('Bestellijn1049', 'BESTEL1027', 'ART1011', 1, 40),
('Bestellijn1050', 'BESTEL1027', 'ART2030', 1, 37),
('Bestellijn1051', 'BESTEL1027', 'ART2022', 1, 42),
('Bestellijn1052', 'BESTEL1027', 'ART2023', 1, 37),
('Bestellijn1053', 'BESTEL1027', 'ART2033', 1, 41),
('Bestellijn1054', 'BESTEL1027', 'ART2013', 1, 42),
('Bestellijn1055', 'BESTEL1028', 'ART1016', 1, 41),
('Bestellijn1056', 'BESTEL1028', 'ART2022', 1, 42),
('Bestellijn1057', 'BESTEL1029', 'ART2031', 1, 38),
('Bestellijn1058', 'BESTEL1029', 'ART2026', 1, 41),
('Bestellijn1059', 'BESTEL1029', 'ART1007', 1, 37),
('Bestellijn1060', 'BESTEL1030', 'ART2030', 1, 41),
('Bestellijn1061', 'BESTEL1031', 'ART2034', 1, 43),
('Bestellijn1062', 'BESTEL1031', 'ART2009', 1, 43),
('Bestellijn1063', 'BESTEL1032', 'ART2011', 1, 40),
('Bestellijn1064', 'BESTEL1033', 'ART2023', 1, 43),
('Bestellijn1065', 'BESTEL1033', 'ART2015', 1, 43),
('Bestellijn1066', 'BESTEL1034', 'ART2039', 1, 44),
('Bestellijn1067', 'BESTEL1035', 'ART2016', 1, 41),
('Bestellijn1068', 'BESTEL1035', 'ART2012', 1, 42),
('Bestellijn1069', 'BESTEL1036', 'ART2031', 1, 44),
('Bestellijn1070', 'BESTEL1036', 'ART1005', 1, 42),
('Bestellijn1071', 'BESTEL1037', 'ART2028', 1, 44),
('Bestellijn1072', 'BESTEL1037', 'ART2003', 1, 43),
('Bestellijn1073', 'BESTEL1038', 'ART2026', 1, 44),
('Bestellijn1074', 'BESTEL1038', 'ART1002', 1, 39),
('Bestellijn1075', 'BESTEL1038', 'ART2019', 1, 38),
('Bestellijn1076', 'BESTEL1039', 'ART2014', 1, 43),
('Bestellijn1077', 'BESTEL1039', 'ART1012', 1, 44),
('Bestellijn1078', 'BESTEL1040', 'ART1014', 1, 39),
('Bestellijn1079', 'BESTEL1040', 'ART2007', 1, 39),
('Bestellijn1080', 'BESTEL1040', 'ART2016', 1, 40),
('Bestellijn1081', 'BESTEL1040', 'ART2036', 1, 41),
('Bestellijn1082', 'BESTEL1040', 'ART2011', 1, 39),
('Bestellijn1083', 'BESTEL1040', 'ART2008', 1, 40),
('Bestellijn1084', 'BESTEL1041', 'ART2028', 1, 37),
('Bestellijn1085', 'BESTEL1041', 'ART2003', 1, 40),
('Bestellijn1086', 'BESTEL1041', 'ART1005', 1, 39),
('Bestellijn1087', 'BESTEL1042', 'ART2010', 1, 42),
('Bestellijn1088', 'BESTEL1042', 'ART1014', 1, 37),
('Bestellijn1089', 'BESTEL1043', 'ART2012', 1, 42),
('Bestellijn1090', 'BESTEL1043', 'ART2005', 1, 38),
('Bestellijn1091', 'BESTEL1044', 'ART1016', 1, 38),
('Bestellijn1092', 'BESTEL1044', 'ART1003', 1, 37),
('Bestellijn1093', 'BESTEL1044', 'ART2025', 1, 37),
('Bestellijn1094', 'BESTEL1045', 'ART2019', 1, 42),
('Bestellijn1095', 'BESTEL1045', 'ART2015', 1, 43),
('Bestellijn1096', 'BESTEL1046', 'ART2038', 1, 39),
('Bestellijn1097', 'BESTEL1047', 'ART1005', 1, 41),
('Bestellijn1098', 'BESTEL1048', 'ART2002', 1, 43),
('Bestellijn1099', 'BESTEL1048', 'ART1009', 1, 40),
('Bestellijn1100', 'BESTEL1048', 'ART1017', 1, 44),
('Bestellijn1101', 'BESTEL1049', 'ART2024', 1, 39),
('Bestellijn1102', 'BESTEL1050', 'ART2012', 1, 38),
('Bestellijn1103', 'BESTEL1050', 'ART2017', 1, 38),
('Bestellijn1104', 'BESTEL1051', 'ART1008', 1, 40),
('Bestellijn1105', 'BESTEL1051', 'ART2022', 1, 41),
('Bestellijn1106', 'BESTEL1051', 'ART1003', 1, 42),
('Bestellijn1107', 'BESTEL1052', 'ART2029', 1, 43),
('Bestellijn1108', 'BESTEL1052', 'ART2025', 1, 39),
('Bestellijn1109', 'BESTEL1052', 'ART1004', 1, 44),
('Bestellijn1110', 'BESTEL1053', 'ART2019', 1, 44),
('Bestellijn1111', 'BESTEL1053', 'ART2007', 1, 39),
('Bestellijn1112', 'BESTEL1053', 'ART1015', 1, 44),
('Bestellijn1113', 'BESTEL1053', 'ART1010', 1, 43),
('Bestellijn1114', 'BESTEL1054', 'ART2024', 1, 44),
('Bestellijn1115', 'BESTEL1054', 'ART2005', 1, 42),
('Bestellijn1116', 'BESTEL1055', 'ART2001', 1, 42),
('Bestellijn1117', 'BESTEL1055', 'ART2034', 1, 40),
('Bestellijn1118', 'BESTEL1056', 'ART1017', 1, 42),
('Bestellijn1119', 'BESTEL1056', 'ART2017', 1, 39),
('Bestellijn1120', 'BESTEL1057', 'ART1004', 1, 39),
('Bestellijn1121', 'BESTEL1057', 'ART2008', 1, 42),
('Bestellijn1122', 'BESTEL1058', 'ART2037', 1, 40),
('Bestellijn1123', 'BESTEL1058', 'ART1010', 1, 44),
('Bestellijn1124', 'BESTEL1059', 'ART1006', 1, 39),
('Bestellijn1125', 'BESTEL1059', 'ART1013', 1, 40),
('Bestellijn1126', 'BESTEL1060', 'ART2009', 1, 44),
('Bestellijn1127', 'BESTEL1061', 'ART2019', 1, 37),
('Bestellijn1128', 'BESTEL1062', 'ART2017', 1, 39),
('Bestellijn1129', 'BESTEL1062', 'ART1004', 1, 40),
('Bestellijn1130', 'BESTEL1062', 'ART2034', 1, 42),
('Bestellijn1131', 'BESTEL1063', 'ART2011', 1, 40),
('Bestellijn1132', 'BESTEL1063', 'ART2023', 1, 39),
('Bestellijn1133', 'BESTEL1063', 'ART2018', 1, 40),
('Bestellijn1134', 'BESTEL1064', 'ART2010', 1, 44),
('Bestellijn1135', 'BESTEL1064', 'ART1011', 1, 44),
('Bestellijn1136', 'BESTEL1064', 'ART1012', 1, 44),
('Bestellijn1137', 'BESTEL1064', 'ART2037', 1, 44),
('Bestellijn1138', 'BESTEL1065', 'ART2012', 1, 38),
('Bestellijn1139', 'BESTEL1065', 'ART2025', 1, 37),
('Bestellijn1140', 'BESTEL1066', 'ART2005', 1, 39),
('Bestellijn1141', 'BESTEL1066', 'ART2030', 1, 39),
('Bestellijn1142', 'BESTEL1066', 'ART2015', 1, 41),
('Bestellijn1143', 'BESTEL1067', 'ART2006', 1, 38),
('Bestellijn1144', 'BESTEL1067', 'ART2029', 1, 41),
('Bestellijn1145', 'BESTEL1067', 'ART2032', 1, 37),
('Bestellijn1146', 'BESTEL1068', 'ART2024', 1, 42),
('Bestellijn1147', 'BESTEL1069', 'ART2007', 1, 39),
('Bestellijn1148', 'BESTEL1069', 'ART2037', 1, 39),
('Bestellijn1149', 'BESTEL1070', 'ART2011', 1, 39),
('Bestellijn1150', 'BESTEL1070', 'ART1011', 1, 38),
('Bestellijn1151', 'BESTEL1070', 'ART2036', 1, 37),
('Bestellijn1152', 'BESTEL1071', 'ART2005', 1, 40),
('Bestellijn1153', 'BESTEL1071', 'ART2013', 1, 41),
('Bestellijn1154', 'BESTEL1072', 'ART2008', 1, 44),
('Bestellijn1155', 'BESTEL1072', 'ART1013', 1, 43),
('Bestellijn1156', 'BESTEL1073', 'ART1004', 1, 41),
('Bestellijn1157', 'BESTEL1074', 'ART1004', 1, 38),
('Bestellijn1158', 'BESTEL1074', 'ART1003', 1, 42),
('Bestellijn1159', 'BESTEL1074', 'ART2001', 1, 40),
('Bestellijn1160', 'BESTEL1074', 'ART1007', 1, 42),
('Bestellijn1161', 'BESTEL1074', 'ART1009', 1, 43),
('Bestellijn1162', 'BESTEL1075', 'ART1011', 1, 40),
('Bestellijn1163', 'BESTEL1075', 'ART2004', 1, 37),
('Bestellijn1164', 'BESTEL1076', 'ART1014', 1, 42),
('Bestellijn1165', 'BESTEL1076', 'ART1011', 1, 44),
('Bestellijn1166', 'BESTEL1077', 'ART2022', 1, 38),
('Bestellijn1167', 'BESTEL1077', 'ART1008', 1, 39),
('Bestellijn1168', 'BESTEL1077', 'ART1003', 1, 43),
('Bestellijn1169', 'BESTEL1078', 'ART2011', 1, 43),
('Bestellijn1170', 'BESTEL1078', 'ART1005', 1, 39),
('Bestellijn1171', 'BESTEL1079', 'ART2009', 1, 39),
('Bestellijn1172', 'BESTEL1079', 'ART2032', 1, 37),
('Bestellijn1173', 'BESTEL1080', 'ART1016', 1, 41),
('Bestellijn1174', 'BESTEL1081', 'ART2024', 1, 42),
('Bestellijn1175', 'BESTEL1082', 'ART2023', 1, 39),
('Bestellijn1176', 'BESTEL1082', 'ART2035', 1, 38),
('Bestellijn1177', 'BESTEL1082', 'ART2002', 1, 39),
('Bestellijn1178', 'BESTEL1083', 'ART2025', 1, 38),
('Bestellijn1179', 'BESTEL1083', 'ART1002', 1, 37),
('Bestellijn1180', 'BESTEL1084', 'ART2023', 1, 41),
('Bestellijn1181', 'BESTEL1084', 'ART2018', 1, 40),
('Bestellijn1182', 'BESTEL1084', 'ART2029', 1, 42),
('Bestellijn1183', 'BESTEL1085', 'ART2013', 1, 39),
('Bestellijn1184', 'BESTEL1085', 'ART1013', 1, 41),
('Bestellijn1185', 'BESTEL1085', 'ART2021', 1, 40),
('Bestellijn1186', 'BESTEL1085', 'ART2023', 1, 42),
('Bestellijn1187', 'BESTEL1086', 'ART1011', 1, 42),
('Bestellijn1188', 'BESTEL1087', 'ART2026', 1, 41),
('Bestellijn1189', 'BESTEL1087', 'ART2006', 1, 37),
('Bestellijn1190', 'BESTEL1088', 'ART1006', 1, 44),
('Bestellijn1191', 'BESTEL1088', 'ART2003', 1, 42),
('Bestellijn1192', 'BESTEL1089', 'ART1016', 1, 43),
('Bestellijn1193', 'BESTEL1089', 'ART2023', 1, 44),
('Bestellijn1194', 'BESTEL1089', 'ART1005', 1, 39),
('Bestellijn1195', 'BESTEL1090', 'ART2017', 1, 38),
('Bestellijn1196', 'BESTEL1091', 'ART2038', 1, 40),
('Bestellijn1197', 'BESTEL1091', 'ART2034', 1, 40),
('Bestellijn1198', 'BESTEL1091', 'ART2019', 1, 40),
('Bestellijn1199', 'BESTEL1091', 'ART1005', 1, 37),
('Bestellijn1200', 'BESTEL1092', 'ART2013', 1, 39),
('Bestellijn1201', 'BESTEL1092', 'ART2029', 1, 44),
('Bestellijn1202', 'BESTEL1093', 'ART2007', 1, 42),
('Bestellijn1203', 'BESTEL1093', 'ART2010', 1, 40),
('Bestellijn1204', 'BESTEL1093', 'ART2032', 1, 44),
('Bestellijn1205', 'BESTEL1094', 'ART2026', 1, 43),
('Bestellijn1206', 'BESTEL1095', 'ART2017', 1, 43),
('Bestellijn1207', 'BESTEL1096', 'ART2021', 1, 41),
('Bestellijn1208', 'BESTEL1096', 'ART2019', 1, 37),
('Bestellijn1209', 'BESTEL1097', 'ART1011', 1, 43),
('Bestellijn1210', 'BESTEL1097', 'ART2013', 1, 42),
('Bestellijn1211', 'BESTEL1098', 'ART2037', 1, 40),
('Bestellijn1212', 'BESTEL1098', 'ART1009', 1, 42),
('Bestellijn1213', 'BESTEL1098', 'ART1002', 1, 44),
('Bestellijn1214', 'BESTEL1099', 'ART2025', 1, 38),
('Bestellijn1215', 'BESTEL1099', 'ART2013', 1, 43),
('Bestellijn1216', 'BESTEL1100', 'ART1015', 1, 39),
('Bestellijn1217', 'BESTEL1100', 'ART2026', 1, 40),
('Bestellijn1218', 'BESTEL1100', 'ART1007', 1, 41),
('Bestellijn1219', 'BESTEL1101', 'ART1014', 1, 37),
('Bestellijn1220', 'BESTEL1101', 'ART2013', 1, 38),
('Bestellijn1221', 'BESTEL1101', 'ART2038', 1, 44),
('Bestellijn1222', 'BESTEL1101', 'ART2033', 1, 41),
('Bestellijn1223', 'BESTEL1102', 'ART1005', 1, 42),
('Bestellijn1224', 'BESTEL1102', 'ART1015', 1, 37),
('Bestellijn1225', 'BESTEL1102', 'ART1011', 1, 42),
('Bestellijn1226', 'BESTEL1103', 'ART1002', 1, 39),
('Bestellijn1227', 'BESTEL1104', 'ART1006', 1, 43),
('Bestellijn1228', 'BESTEL1104', 'ART1015', 1, 43),
('Bestellijn1229', 'BESTEL1105', 'ART1003', 1, 41),
('Bestellijn1230', 'BESTEL1105', 'ART2001', 1, 41),
('Bestellijn1231', 'BESTEL1106', 'ART1005', 1, 42),
('Bestellijn1232', 'BESTEL1106', 'ART2023', 1, 41),
('Bestellijn1233', 'BESTEL1107', 'ART2028', 1, 44),
('Bestellijn1234', 'BESTEL1107', 'ART2021', 1, 37),
('Bestellijn1235', 'BESTEL1108', 'ART2026', 1, 39),
('Bestellijn1236', 'BESTEL1109', 'ART2037', 1, 41),
('Bestellijn1237', 'BESTEL1109', 'ART2020', 1, 44),
('Bestellijn1238', 'BESTEL1109', 'ART1008', 1, 41),
('Bestellijn1239', 'BESTEL1109', 'ART2009', 1, 38),
('Bestellijn1240', 'BESTEL1110', 'ART1005', 1, 42),
('Bestellijn1241', 'BESTEL1111', 'ART1017', 1, 43),
('Bestellijn1242', 'BESTEL1112', 'ART2013', 1, 39),
('Bestellijn1243', 'BESTEL1112', 'ART2036', 1, 41),
('Bestellijn1244', 'BESTEL1112', 'ART2029', 1, 39),
('Bestellijn1245', 'BESTEL1113', 'ART2025', 1, 42),
('Bestellijn1246', 'BESTEL1113', 'ART2028', 1, 41),
('Bestellijn1247', 'BESTEL1113', 'ART2039', 1, 43),
('Bestellijn1248', 'BESTEL1114', 'ART1009', 1, 37),
('Bestellijn1249', 'BESTEL1115', 'ART2008', 1, 42),
('Bestellijn1250', 'BESTEL1115', 'ART2018', 1, 37),
('Bestellijn1251', 'BESTEL1116', 'ART1012', 1, 43),
('Bestellijn1252', 'BESTEL1116', 'ART2024', 1, 37),
('Bestellijn1253', 'BESTEL1117', 'ART2023', 1, 41),
('Bestellijn1254', 'BESTEL1118', 'ART2025', 1, 38),
('Bestellijn1255', 'BESTEL1118', 'ART1006', 1, 44),
('Bestellijn1256', 'BESTEL1118', 'ART2038', 1, 38),
('Bestellijn1257', 'BESTEL1119', 'ART2036', 1, 38),
('Bestellijn1258', 'BESTEL1119', 'ART1010', 1, 37),
('Bestellijn1259', 'BESTEL1119', 'ART1007', 1, 37),
('Bestellijn1260', 'BESTEL1119', 'ART2025', 1, 39),
('Bestellijn1261', 'BESTEL1119', 'ART2031', 1, 38),
('Bestellijn1262', 'BESTEL1120', 'ART1012', 1, 43),
('Bestellijn1263', 'BESTEL1121', 'ART1003', 1, 38),
('Bestellijn1264', 'BESTEL1122', 'ART2025', 1, 40),
('Bestellijn1265', 'BESTEL1123', 'ART2035', 1, 44),
('Bestellijn1266', 'BESTEL1124', 'ART2026', 1, 44),
('Bestellijn1267', 'BESTEL1124', 'ART1017', 1, 37),
('Bestellijn1268', 'BESTEL1125', 'ART2010', 1, 37),
('Bestellijn1269', 'BESTEL1126', 'ART2028', 1, 41),
('Bestellijn1270', 'BESTEL1126', 'ART2027', 1, 40),
('Bestellijn1271', 'BESTEL1127', 'ART1008', 1, 38),
('Bestellijn1272', 'BESTEL1127', 'ART1017', 1, 38),
('Bestellijn1273', 'BESTEL1127', 'ART1014', 1, 43),
('Bestellijn1274', 'BESTEL1127', 'ART1002', 1, 43),
('Bestellijn1275', 'BESTEL1128', 'ART2007', 1, 37),
('Bestellijn1276', 'BESTEL1128', 'ART1006', 1, 43),
('Bestellijn1277', 'BESTEL1128', 'ART2021', 1, 41),
('Bestellijn1278', 'BESTEL1128', 'ART2006', 1, 44),
('Bestellijn1279', 'BESTEL1129', 'ART2012', 1, 42),
('Bestellijn1280', 'BESTEL1129', 'ART2033', 1, 42),
('Bestellijn1281', 'BESTEL1129', 'ART1008', 1, 42),
('Bestellijn1282', 'BESTEL1129', 'ART2029', 1, 38),
('Bestellijn1283', 'BESTEL1130', 'ART2039', 1, 42),
('Bestellijn1284', 'BESTEL1130', 'ART2025', 1, 44),
('Bestellijn1285', 'BESTEL1131', 'ART2002', 1, 37),
('Bestellijn1286', 'BESTEL1131', 'ART2005', 1, 40),
('Bestellijn1287', 'BESTEL1131', 'ART1011', 1, 40),
('Bestellijn1288', 'BESTEL1131', 'ART2010', 1, 43),
('Bestellijn1289', 'BESTEL1132', 'ART2008', 1, 43),
('Bestellijn1290', 'BESTEL1132', 'ART2002', 1, 44),
('Bestellijn1291', 'BESTEL1133', 'ART2001', 1, 38),
('Bestellijn1292', 'BESTEL1133', 'ART1005', 1, 43),
('Bestellijn1293', 'BESTEL1133', 'ART2010', 1, 39),
('Bestellijn1294', 'BESTEL1134', 'ART2019', 1, 37),
('Bestellijn1295', 'BESTEL1134', 'ART1004', 1, 42),
('Bestellijn1296', 'BESTEL1135', 'ART2015', 1, 43),
('Bestellijn1297', 'BESTEL1136', 'ART2008', 1, 44),
('Bestellijn1298', 'BESTEL1136', 'ART1003', 1, 40),
('Bestellijn1299', 'BESTEL1136', 'ART2025', 1, 44),
('Bestellijn1300', 'BESTEL1137', 'ART2023', 1, 39),
('Bestellijn1301', 'BESTEL1138', 'ART2009', 1, 43),
('Bestellijn1302', 'BESTEL1138', 'ART1008', 1, 41),
('Bestellijn1303', 'BESTEL1138', 'ART2034', 1, 38),
('Bestellijn1304', 'BESTEL1139', 'ART2004', 1, 37),
('Bestellijn1305', 'BESTEL1140', 'ART1014', 1, 44),
('Bestellijn1306', 'BESTEL1140', 'ART1010', 1, 43),
('Bestellijn1307', 'BESTEL1140', 'ART2026', 1, 38),
('Bestellijn1308', 'BESTEL1141', 'ART2038', 1, 41),
('Bestellijn1309', 'BESTEL1141', 'ART2019', 1, 40),
('Bestellijn1310', 'BESTEL1142', 'ART2037', 1, 37),
('Bestellijn1311', 'BESTEL1142', 'ART2038', 1, 40),
('Bestellijn1312', 'BESTEL1143', 'ART2029', 1, 42),
('Bestellijn1313', 'BESTEL1143', 'ART1015', 1, 42),
('Bestellijn1314', 'BESTEL1144', 'ART2024', 1, 42),
('Bestellijn1315', 'BESTEL1144', 'ART2006', 1, 38),
('Bestellijn1316', 'BESTEL1144', 'ART2022', 1, 37),
('Bestellijn1317', 'BESTEL1145', 'ART2005', 1, 41),
('Bestellijn1318', 'BESTEL1145', 'ART2006', 1, 41),
('Bestellijn1319', 'BESTEL1145', 'ART2031', 1, 44),
('Bestellijn1320', 'BESTEL1145', 'ART2001', 1, 44),
('Bestellijn1321', 'BESTEL1146', 'ART2008', 1, 38),
('Bestellijn1322', 'BESTEL1147', 'ART2032', 1, 41),
('Bestellijn1323', 'BESTEL1147', 'ART2036', 1, 42),
('Bestellijn1324', 'BESTEL1148', 'ART2026', 1, 42),
('Bestellijn1325', 'BESTEL1148', 'ART1004', 1, 39),
('Bestellijn1326', 'BESTEL1149', 'ART2006', 1, 41),
('Bestellijn1327', 'BESTEL1150', 'ART2032', 1, 38),
('Bestellijn1328', 'BESTEL1150', 'ART1010', 1, 43),
('Bestellijn1329', 'BESTEL1150', 'ART2033', 1, 37),
('Bestellijn1330', 'BESTEL1150', 'ART2010', 1, 38),
('Bestellijn1331', 'BESTEL1151', 'ART2002', 1, 38),
('Bestellijn1332', 'BESTEL1152', 'ART1017', 1, 42),
('Bestellijn1333', 'BESTEL1152', 'ART2035', 1, 44),
('Bestellijn1334', 'BESTEL1152', 'ART2031', 1, 41),
('Bestellijn1335', 'BESTEL1152', 'ART1009', 1, 42),
('Bestellijn1336', 'BESTEL1152', 'ART2010', 1, 43),
('Bestellijn1337', 'BESTEL1153', 'ART2033', 1, 37),
('Bestellijn1338', 'BESTEL1153', 'ART1012', 1, 39),
('Bestellijn1339', 'BESTEL1154', 'ART2026', 1, 41),
('Bestellijn1340', 'BESTEL1154', 'ART1013', 1, 42),
('Bestellijn1341', 'BESTEL1154', 'ART2035', 1, 37),
('Bestellijn1342', 'BESTEL1155', 'ART1006', 1, 37),
('Bestellijn1343', 'BESTEL1155', 'ART2038', 1, 43),
('Bestellijn1344', 'BESTEL1155', 'ART2030', 1, 40),
('Bestellijn1345', 'BESTEL1155', 'ART2027', 1, 42),
('Bestellijn1346', 'BESTEL1156', 'ART2001', 1, 39),
('Bestellijn1347', 'BESTEL1156', 'ART2034', 1, 39),
('Bestellijn1348', 'BESTEL1157', 'ART2002', 1, 44),
('Bestellijn1349', 'BESTEL1157', 'ART2016', 1, 40),
('Bestellijn1350', 'BESTEL1158', 'ART2007', 1, 40),
('Bestellijn1351', 'BESTEL1158', 'ART1007', 1, 40),
('Bestellijn1352', 'BESTEL1159', 'ART1014', 1, 40),
('Bestellijn1353', 'BESTEL1159', 'ART2002', 1, 38),
('Bestellijn1354', 'BESTEL1159', 'ART2012', 1, 39),
('Bestellijn1355', 'BESTEL1160', 'ART1013', 1, 40),
('Bestellijn1356', 'BESTEL1160', 'ART2002', 1, 40),
('Bestellijn1357', 'BESTEL1160', 'ART2035', 1, 41),
('Bestellijn1358', 'BESTEL1161', 'ART1014', 1, 39),
('Bestellijn1359', 'BESTEL1161', 'ART2032', 1, 37),
('Bestellijn1360', 'BESTEL1161', 'ART2031', 1, 43),
('Bestellijn1361', 'BESTEL1161', 'ART2001', 1, 41),
('Bestellijn1362', 'BESTEL1162', 'ART2031', 1, 37),
('Bestellijn1363', 'BESTEL1163', 'ART2002', 1, 38),
('Bestellijn1364', 'BESTEL1163', 'ART2030', 1, 41),
('Bestellijn1365', 'BESTEL1164', 'ART2033', 1, 42),
('Bestellijn1366', 'BESTEL1164', 'ART2021', 1, 43),
('Bestellijn1367', 'BESTEL1165', 'ART1010', 1, 44),
('Bestellijn1368', 'BESTEL1165', 'ART2039', 1, 43),
('Bestellijn1369', 'BESTEL1166', 'ART2027', 1, 37),
('Bestellijn1370', 'BESTEL1166', 'ART1008', 1, 37),
('Bestellijn1371', 'BESTEL1167', 'ART2001', 1, 43),
('Bestellijn1372', 'BESTEL1167', 'ART2032', 1, 43),
('Bestellijn1373', 'BESTEL1167', 'ART1011', 1, 42),
('Bestellijn1374', 'BESTEL1168', 'ART2036', 1, 43),
('Bestellijn1375', 'BESTEL1169', 'ART1007', 1, 44),
('Bestellijn1376', 'BESTEL1169', 'ART1016', 1, 37),
('Bestellijn1377', 'BESTEL1169', 'ART1002', 1, 44),
('Bestellijn1378', 'BESTEL1170', 'ART2019', 1, 43),
('Bestellijn1379', 'BESTEL1170', 'ART2001', 1, 38),
('Bestellijn1380', 'BESTEL1170', 'ART2012', 1, 37),
('Bestellijn1381', 'BESTEL1171', 'ART1002', 1, 40),
('Bestellijn1382', 'BESTEL1171', 'ART2014', 1, 38),
('Bestellijn1383', 'BESTEL1172', 'ART2019', 1, 43),
('Bestellijn1384', 'BESTEL1172', 'ART2027', 1, 37),
('Bestellijn1385', 'BESTEL1172', 'ART2035', 1, 42),
('Bestellijn1386', 'BESTEL1172', 'ART2003', 1, 39),
('Bestellijn1387', 'BESTEL1172', 'ART1012', 1, 41),
('Bestellijn1388', 'BESTEL1173', 'ART2004', 1, 42),
('Bestellijn1389', 'BESTEL1173', 'ART2002', 1, 43),
('Bestellijn1390', 'BESTEL1174', 'ART2004', 1, 39),
('Bestellijn1391', 'BESTEL1174', 'ART2030', 1, 39),
('Bestellijn1392', 'BESTEL1175', 'ART2003', 1, 41),
('Bestellijn1393', 'BESTEL1175', 'ART2028', 1, 41),
('Bestellijn1394', 'BESTEL1176', 'ART2009', 1, 41),
('Bestellijn1395', 'BESTEL1176', 'ART2023', 1, 44),
('Bestellijn1396', 'BESTEL1176', 'ART1007', 1, 39),
('Bestellijn1397', 'BESTEL1177', 'ART2008', 1, 41),
('Bestellijn1398', 'BESTEL1177', 'ART1004', 1, 38),
('Bestellijn1399', 'BESTEL1177', 'ART2016', 1, 41),
('Bestellijn1400', 'BESTEL1178', 'ART2005', 1, 43),
('Bestellijn1401', 'BESTEL1178', 'ART2038', 1, 42),
('Bestellijn1402', 'BESTEL1178', 'ART2001', 1, 40),
('Bestellijn1403', 'BESTEL1179', 'ART2013', 1, 44),
('Bestellijn1404', 'BESTEL1180', 'ART2034', 1, 44),
('Bestellijn1405', 'BESTEL1180', 'ART2014', 1, 42),
('Bestellijn1406', 'BESTEL1180', 'ART2030', 1, 43),
('Bestellijn1407', 'BESTEL1181', 'ART2026', 1, 44),
('Bestellijn1408', 'BESTEL1181', 'ART2003', 1, 44),
('Bestellijn1409', 'BESTEL1181', 'ART1006', 1, 43),
('Bestellijn1410', 'BESTEL1181', 'ART1007', 1, 39),
('Bestellijn1411', 'BESTEL1182', 'ART2007', 1, 42),
('Bestellijn1412', 'BESTEL1182', 'ART2025', 1, 41),
('Bestellijn1413', 'BESTEL1182', 'ART2031', 1, 40),
('Bestellijn1414', 'BESTEL1183', 'ART2003', 1, 43),
('Bestellijn1415', 'BESTEL1184', 'ART2030', 1, 44),
('Bestellijn1416', 'BESTEL1184', 'ART2013', 1, 41),
('Bestellijn1417', 'BESTEL1184', 'ART2002', 1, 39),
('Bestellijn1418', 'BESTEL1185', 'ART2032', 1, 44),
('Bestellijn1419', 'BESTEL1186', 'ART2033', 1, 41),
('Bestellijn1420', 'BESTEL1186', 'ART2015', 1, 44),
('Bestellijn1421', 'BESTEL1187', 'ART2024', 1, 44),
('Bestellijn1422', 'BESTEL1188', 'ART2034', 1, 37),
('Bestellijn1423', 'BESTEL1188', 'ART2012', 1, 37),
('Bestellijn1424', 'BESTEL1188', 'ART1010', 1, 38),
('Bestellijn1425', 'BESTEL1189', 'ART2023', 1, 40),
('Bestellijn1426', 'BESTEL1189', 'ART2021', 1, 42),
('Bestellijn1427', 'BESTEL1190', 'ART2010', 1, 41),
('Bestellijn1428', 'BESTEL1190', 'ART2008', 1, 39),
('Bestellijn1429', 'BESTEL1191', 'ART2028', 1, 42),
('Bestellijn1430', 'BESTEL1191', 'ART2031', 1, 40),
('Bestellijn1431', 'BESTEL1192', 'ART1005', 1, 42),
('Bestellijn1432', 'BESTEL1192', 'ART2030', 1, 43),
('Bestellijn1433', 'BESTEL1193', 'ART2003', 1, 38),
('Bestellijn1434', 'BESTEL1193', 'ART1015', 1, 42),
('Bestellijn1435', 'BESTEL1194', 'ART2038', 1, 42),
('Bestellijn1436', 'BESTEL1194', 'ART2009', 1, 37),
('Bestellijn1437', 'BESTEL1194', 'ART2013', 1, 37),
('Bestellijn1438', 'BESTEL1194', 'ART2021', 1, 42),
('Bestellijn1439', 'BESTEL1195', 'ART1009', 1, 38),
('Bestellijn1440', 'BESTEL1195', 'ART1003', 1, 42),
('Bestellijn1441', 'BESTEL1196', 'ART2024', 1, 38),
('Bestellijn1442', 'BESTEL1196', 'ART1008', 1, 43),
('Bestellijn1443', 'BESTEL1197', 'ART2037', 1, 38),
('Bestellijn1444', 'BESTEL1197', 'ART1012', 1, 38),
('Bestellijn1445', 'BESTEL1197', 'ART1004', 1, 37),
('Bestellijn1446', 'BESTEL1197', 'ART1011', 1, 37),
('Bestellijn1447', 'BESTEL1198', 'ART1015', 1, 37),
('Bestellijn1448', 'BESTEL1199', 'ART2035', 1, 38),
('Bestellijn1449', 'BESTEL1199', 'ART2032', 1, 40),
('Bestellijn1450', 'BESTEL1200', 'ART2036', 1, 39),
('Bestellijn1451', 'BESTEL1200', 'ART1006', 1, 37),
('Bestellijn1452', 'BESTEL1200', 'ART2023', 1, 42),
('Bestellijn1453', 'BESTEL1200', 'ART1005', 1, 41),
('Bestellijn1454', 'BESTEL1201', 'ART2018', 1, 43),
('Bestellijn1455', 'BESTEL1201', 'ART2015', 1, 40),
('Bestellijn1456', 'BESTEL1201', 'ART2025', 1, 42),
('Bestellijn1457', 'BESTEL1201', 'ART2005', 1, 42),
('Bestellijn1458', 'BESTEL1202', 'ART1003', 1, 42),
('Bestellijn1459', 'BESTEL1203', 'ART2003', 1, 42),
('Bestellijn1460', 'BESTEL1203', 'ART2038', 1, 38),
('Bestellijn1461', 'BESTEL1204', 'ART1014', 1, 37),
('Bestellijn1462', 'BESTEL1204', 'ART2021', 1, 44),
('Bestellijn1463', 'BESTEL1205', 'ART1004', 1, 38),
('Bestellijn1464', 'BESTEL1206', 'ART1005', 1, 38),
('Bestellijn1465', 'BESTEL1206', 'ART2025', 1, 41),
('Bestellijn1466', 'BESTEL1206', 'ART1010', 1, 37),
('Bestellijn1467', 'BESTEL1206', 'ART2013', 1, 43),
('Bestellijn1468', 'BESTEL1207', 'ART2023', 1, 39),
('Bestellijn1469', 'BESTEL1207', 'ART1007', 1, 42),
('Bestellijn1470', 'BESTEL1207', 'ART2034', 1, 43),
('Bestellijn1471', 'BESTEL1208', 'ART2010', 1, 44),
('Bestellijn1472', 'BESTEL1208', 'ART2015', 1, 44),
('Bestellijn1473', 'BESTEL1209', 'ART2005', 1, 40),
('Bestellijn1474', 'BESTEL1210', 'ART2024', 1, 40),
('Bestellijn1475', 'BESTEL1211', 'ART2019', 1, 40),
('Bestellijn1476', 'BESTEL1211', 'ART2016', 1, 40),
('Bestellijn1477', 'BESTEL1212', 'ART2022', 1, 41),
('Bestellijn1478', 'BESTEL1212', 'ART1008', 1, 37),
('Bestellijn1479', 'BESTEL1213', 'ART2001', 1, 40),
('Bestellijn1480', 'BESTEL1213', 'ART2039', 1, 42),
('Bestellijn1481', 'BESTEL1213', 'ART1010', 1, 38),
('Bestellijn1482', 'BESTEL1214', 'ART2022', 1, 44),
('Bestellijn1483', 'BESTEL1214', 'ART2036', 1, 37),
('Bestellijn1484', 'BESTEL1215', 'ART2002', 1, 44),
('Bestellijn1485', 'BESTEL1215', 'ART2001', 1, 42),
('Bestellijn1486', 'BESTEL1216', 'ART2021', 1, 42),
('Bestellijn1487', 'BESTEL1216', 'ART1009', 1, 40),
('Bestellijn1488', 'BESTEL1217', 'ART2022', 1, 43),
('Bestellijn1489', 'BESTEL1218', 'ART2009', 1, 38),
('Bestellijn1490', 'BESTEL1219', 'ART2028', 1, 42),
('Bestellijn1491', 'BESTEL1219', 'ART1009', 1, 39),
('Bestellijn1492', 'BESTEL1220', 'ART2005', 1, 44),
('Bestellijn1493', 'BESTEL1220', 'ART2013', 1, 41),
('Bestellijn1494', 'BESTEL1220', 'ART2029', 1, 43),
('Bestellijn1495', 'BESTEL1221', 'ART2004', 1, 37),
('Bestellijn1496', 'BESTEL1221', 'ART2013', 1, 44),
('Bestellijn1497', 'BESTEL1222', 'ART1009', 1, 42),
('Bestellijn1498', 'BESTEL1222', 'ART2027', 1, 42),
('Bestellijn1499', 'BESTEL1222', 'ART2022', 1, 39),
('Bestellijn1500', 'BESTEL1223', 'ART1002', 1, 39),
('Bestellijn1501', 'BESTEL1223', 'ART2018', 1, 41),
('Bestellijn1502', 'BESTEL1224', 'ART2020', 1, 38),
('Bestellijn1503', 'BESTEL1224', 'ART1008', 1, 39),
('Bestellijn1504', 'BESTEL1225', 'ART1003', 1, 43),
('Bestellijn1505', 'BESTEL1226', 'ART2014', 1, 40),
('Bestellijn1506', 'BESTEL1227', 'ART1015', 1, 44),
('Bestellijn1507', 'BESTEL1228', 'ART2007', 1, 40),
('Bestellijn1508', 'BESTEL1229', 'ART2014', 1, 38),
('Bestellijn1509', 'BESTEL1230', 'ART2001', 1, 43),
('Bestellijn1510', 'BESTEL1231', 'ART2007', 1, 37),
('Bestellijn1511', 'BESTEL1231', 'ART2028', 1, 39),
('Bestellijn1512', 'BESTEL1231', 'ART1006', 1, 44),
('Bestellijn1513', 'BESTEL1232', 'ART1008', 1, 38),
('Bestellijn1514', 'BESTEL1232', 'ART2016', 1, 42),
('Bestellijn1515', 'BESTEL1232', 'ART2034', 1, 37),
('Bestellijn1516', 'BESTEL1233', 'ART2032', 1, 42),
('Bestellijn1517', 'BESTEL1233', 'ART2037', 1, 38),
('Bestellijn1518', 'BESTEL1233', 'ART2023', 1, 40),
('Bestellijn1519', 'BESTEL1234', 'ART2002', 1, 39),
('Bestellijn1520', 'BESTEL1234', 'ART2006', 1, 37),
('Bestellijn1521', 'BESTEL1235', 'ART1004', 1, 43),
('Bestellijn1522', 'BESTEL1235', 'ART1007', 1, 40),
('Bestellijn1523', 'BESTEL1236', 'ART2022', 1, 39),
('Bestellijn1524', 'BESTEL1236', 'ART2016', 1, 42),
('Bestellijn1525', 'BESTEL1236', 'ART2033', 1, 43),
('Bestellijn1526', 'BESTEL1237', 'ART1002', 1, 44),
('Bestellijn1527', 'BESTEL1238', 'ART2032', 1, 40),
('Bestellijn1528', 'BESTEL1239', 'ART2008', 1, 41),
('Bestellijn1529', 'BESTEL1239', 'ART2022', 1, 44),
('Bestellijn1530', 'BESTEL1239', 'ART1009', 1, 42),
('Bestellijn1531', 'BESTEL1240', 'ART2010', 1, 38),
('Bestellijn1532', 'BESTEL1241', 'ART2035', 1, 39),
('Bestellijn1533', 'BESTEL1241', 'ART1012', 1, 39),
('Bestellijn1534', 'BESTEL1242', 'ART1004', 1, 42),
('Bestellijn1535', 'BESTEL1242', 'ART1005', 1, 38),
('Bestellijn1536', 'BESTEL1242', 'ART2018', 1, 43),
('Bestellijn1537', 'BESTEL1243', 'ART2021', 1, 38),
('Bestellijn1538', 'BESTEL1244', 'ART2023', 1, 39),
('Bestellijn1539', 'BESTEL1244', 'ART1015', 1, 37),
('Bestellijn1540', 'BESTEL1245', 'ART2022', 1, 42),
('Bestellijn1541', 'BESTEL1245', 'ART2021', 1, 37),
('Bestellijn1542', 'BESTEL1246', 'ART2018', 1, 43),
('Bestellijn1543', 'BESTEL1246', 'ART2023', 1, 41),
('Bestellijn1544', 'BESTEL1247', 'ART1006', 1, 39),
('Bestellijn1545', 'BESTEL1247', 'ART1017', 1, 38),
('Bestellijn1546', 'BESTEL1248', 'ART2005', 1, 44),
('Bestellijn1547', 'BESTEL1248', 'ART2016', 1, 40),
('Bestellijn1548', 'BESTEL1248', 'ART2022', 1, 39),
('Bestellijn1549', 'BESTEL1249', 'ART2019', 1, 42),
('Bestellijn1550', 'BESTEL1249', 'ART1009', 1, 40),
('Bestellijn1551', 'BESTEL1250', 'ART2019', 1, 41),
('Bestellijn1552', 'BESTEL1250', 'ART2038', 1, 42),
('Bestellijn1553', 'BESTEL1251', 'ART1011', 1, 41),
('Bestellijn1554', 'BESTEL1251', 'ART1008', 1, 44),
('Bestellijn1555', 'BESTEL1251', 'ART2034', 1, 44),
('Bestellijn1556', 'BESTEL1252', 'ART1014', 1, 43),
('Bestellijn1557', 'BESTEL1252', 'ART2023', 1, 40),
('Bestellijn1558', 'BESTEL1253', 'ART1008', 1, 41),
('Bestellijn1559', 'BESTEL1253', 'ART2037', 1, 39),
('Bestellijn1560', 'BESTEL1254', 'ART2031', 1, 41),
('Bestellijn1561', 'BESTEL1254', 'ART2014', 1, 44),
('Bestellijn1562', 'BESTEL1255', 'ART1014', 1, 37),
('Bestellijn1563', 'BESTEL1255', 'ART2011', 1, 43),
('Bestellijn1564', 'BESTEL1256', 'ART2014', 1, 44),
('Bestellijn1565', 'BESTEL1256', 'ART2033', 1, 38),
('Bestellijn1566', 'BESTEL1256', 'ART2013', 1, 42),
('Bestellijn1567', 'BESTEL1257', 'ART2029', 1, 40),
('Bestellijn1568', 'BESTEL1257', 'ART2032', 1, 37),
('Bestellijn1569', 'BESTEL1258', 'ART2011', 1, 41),
('Bestellijn1570', 'BESTEL1258', 'ART2039', 1, 41),
('Bestellijn1571', 'BESTEL1259', 'ART2017', 1, 37),
('Bestellijn1572', 'BESTEL1260', 'ART2035', 1, 41),
('Bestellijn1573', 'BESTEL1260', 'ART2016', 1, 38),
('Bestellijn1574', 'BESTEL1260', 'ART2026', 1, 44),
('Bestellijn1575', 'BESTEL1261', 'ART1006', 1, 42),
('Bestellijn1576', 'BESTEL1261', 'ART2028', 1, 44),
('Bestellijn1577', 'BESTEL1261', 'ART2037', 1, 41),
('Bestellijn1578', 'BESTEL1262', 'ART2028', 1, 40),
('Bestellijn1579', 'BESTEL1262', 'ART2024', 1, 44),
('Bestellijn1580', 'BESTEL1262', 'ART2002', 1, 40),
('Bestellijn1581', 'BESTEL1262', 'ART2037', 1, 39),
('Bestellijn1582', 'BESTEL1263', 'ART2021', 1, 41),
('Bestellijn1583', 'BESTEL1263', 'ART1006', 1, 44),
('Bestellijn1584', 'BESTEL1264', 'ART2001', 1, 42),
('Bestellijn1585', 'BESTEL1265', 'ART2035', 1, 40),
('Bestellijn1586', 'BESTEL1265', 'ART2033', 1, 43),
('Bestellijn1587', 'BESTEL1265', 'ART2032', 1, 40),
('Bestellijn1588', 'BESTEL1265', 'ART1015', 1, 43),
('Bestellijn1589', 'BESTEL1265', 'ART2014', 1, 40),
('Bestellijn1590', 'BESTEL1265', 'ART1003', 1, 39),
('Bestellijn1591', 'BESTEL1266', 'ART1010', 1, 40),
('Bestellijn1592', 'BESTEL1266', 'ART2008', 1, 44),
('Bestellijn1593', 'BESTEL1267', 'ART2032', 1, 38),
('Bestellijn1594', 'BESTEL1267', 'ART2013', 1, 40),
('Bestellijn1595', 'BESTEL1268', 'ART2026', 1, 41),
('Bestellijn1596', 'BESTEL1268', 'ART1003', 1, 42),
('Bestellijn1597', 'BESTEL1269', 'ART2023', 1, 42),
('Bestellijn1598', 'BESTEL1269', 'ART1006', 1, 40),
('Bestellijn1599', 'BESTEL1269', 'ART2036', 1, 42),
('Bestellijn1600', 'BESTEL1270', 'ART1010', 1, 44),
('Bestellijn1601', 'BESTEL1270', 'ART1004', 1, 44),
('Bestellijn1602', 'BESTEL1271', 'ART2015', 1, 37),
('Bestellijn1603', 'BESTEL1271', 'ART1015', 1, 38),
('Bestellijn1604', 'BESTEL1272', 'ART2022', 1, 44),
('Bestellijn1605', 'BESTEL1272', 'ART2010', 1, 42),
('Bestellijn1606', 'BESTEL1273', 'ART2002', 1, 42),
('Bestellijn1607', 'BESTEL1273', 'ART2039', 1, 37),
('Bestellijn1608', 'BESTEL1274', 'ART1003', 1, 40),
('Bestellijn1609', 'BESTEL1274', 'ART1007', 1, 37),
('Bestellijn1610', 'BESTEL1274', 'ART2020', 1, 43),
('Bestellijn1611', 'BESTEL1275', 'ART2007', 1, 38),
('Bestellijn1612', 'BESTEL1275', 'ART1007', 1, 40),
('Bestellijn1613', 'BESTEL1275', 'ART2009', 1, 42),
('Bestellijn1614', 'BESTEL1276', 'ART1012', 1, 37),
('Bestellijn1615', 'BESTEL1276', 'ART2016', 1, 39),
('Bestellijn1616', 'BESTEL1276', 'ART1008', 1, 42),
('Bestellijn1617', 'BESTEL1276', 'ART2021', 1, 43),
('Bestellijn1618', 'BESTEL1276', 'ART2012', 1, 44),
('Bestellijn1619', 'BESTEL1277', 'ART1013', 1, 44),
('Bestellijn1620', 'BESTEL1278', 'ART2027', 1, 38),
('Bestellijn1621', 'BESTEL1278', 'ART1009', 1, 44),
('Bestellijn1622', 'BESTEL1278', 'ART2005', 1, 43),
('Bestellijn1623', 'BESTEL1279', 'ART2008', 1, 42),
('Bestellijn1624', 'BESTEL1279', 'ART2033', 1, 38),
('Bestellijn1625', 'BESTEL1279', 'ART2037', 1, 43),
('Bestellijn1626', 'BESTEL1280', 'ART2009', 1, 43),
('Bestellijn1627', 'BESTEL1280', 'ART2017', 1, 43),
('Bestellijn1628', 'BESTEL1280', 'ART2012', 1, 40),
('Bestellijn1629', 'BESTEL1281', 'ART1006', 1, 44),
('Bestellijn1630', 'BESTEL1282', 'ART2009', 1, 40),
('Bestellijn1631', 'BESTEL1283', 'ART2035', 1, 37),
('Bestellijn1632', 'BESTEL1284', 'ART2021', 1, 44),
('Bestellijn1633', 'BESTEL1284', 'ART1009', 1, 39),
('Bestellijn1634', 'BESTEL1285', 'ART2026', 1, 40),
('Bestellijn1635', 'BESTEL1285', 'ART2003', 1, 38),
('Bestellijn1636', 'BESTEL1286', 'ART1006', 1, 41),
('Bestellijn1637', 'BESTEL1286', 'ART2023', 1, 37),
('Bestellijn1638', 'BESTEL1286', 'ART2014', 1, 42),
('Bestellijn1639', 'BESTEL1287', 'ART2013', 1, 42),
('Bestellijn1640', 'BESTEL1287', 'ART2012', 1, 37),
('Bestellijn1641', 'BESTEL1287', 'ART2015', 1, 41),
('Bestellijn1642', 'BESTEL1287', 'ART2025', 1, 37),
('Bestellijn1643', 'BESTEL1287', 'ART1002', 1, 39),
('Bestellijn1644', 'BESTEL1288', 'ART2034', 1, 37),
('Bestellijn1645', 'BESTEL1288', 'ART2025', 1, 38),
('Bestellijn1646', 'BESTEL1289', 'ART2007', 1, 37),
('Bestellijn1647', 'BESTEL1289', 'ART2021', 1, 44),
('Bestellijn1648', 'BESTEL1289', 'ART2038', 1, 39),
('Bestellijn1649', 'BESTEL1290', 'ART1002', 1, 40),
('Bestellijn1650', 'BESTEL1290', 'ART2016', 1, 44),
('Bestellijn1651', 'BESTEL1290', 'ART2037', 1, 37),
('Bestellijn1652', 'BESTEL1290', 'ART2007', 1, 43),
('Bestellijn1653', 'BESTEL1291', 'ART2015', 1, 40),
('Bestellijn1654', 'BESTEL1291', 'ART2010', 1, 41),
('Bestellijn1655', 'BESTEL1292', 'ART1009', 1, 39),
('Bestellijn1656', 'BESTEL1292', 'ART2018', 1, 44),
('Bestellijn1657', 'BESTEL1293', 'ART1011', 1, 38),
('Bestellijn1658', 'BESTEL1293', 'ART2012', 1, 43),
('Bestellijn1659', 'BESTEL1294', 'ART2008', 1, 39),
('Bestellijn1660', 'BESTEL1295', 'ART2033', 1, 43),
('Bestellijn1661', 'BESTEL1296', 'ART1011', 1, 42),
('Bestellijn1662', 'BESTEL1296', 'ART1002', 1, 40),
('Bestellijn1663', 'BESTEL1296', 'ART2033', 1, 38),
('Bestellijn1664', 'BESTEL1297', 'ART2014', 1, 44),
('Bestellijn1665', 'BESTEL1297', 'ART2011', 1, 37),
('Bestellijn1666', 'BESTEL1297', 'ART2028', 1, 41),
('Bestellijn1667', 'BESTEL1297', 'ART2020', 1, 44),
('Bestellijn1668', 'BESTEL1298', 'ART2018', 1, 39),
('Bestellijn1669', 'BESTEL1299', 'ART2021', 1, 41),
('Bestellijn1670', 'BESTEL1299', 'ART2008', 1, 44),
('Bestellijn1671', 'BESTEL1299', 'ART2024', 1, 42),
('Bestellijn1672', 'BESTEL1300', 'ART2016', 1, 38),
('Bestellijn1673', 'BESTEL1300', 'ART2012', 1, 41),
('Bestellijn1674', 'BESTEL1301', 'ART2027', 1, 39),
('Bestellijn1675', 'BESTEL1301', 'ART2022', 1, 37),
('Bestellijn1676', 'BESTEL1301', 'ART2034', 1, 40),
('Bestellijn1677', 'BESTEL1302', 'ART2039', 1, 42),
('Bestellijn1678', 'BESTEL1302', 'ART1002', 1, 43),
('Bestellijn1679', 'BESTEL1302', 'ART2009', 1, 43),
('Bestellijn1680', 'BESTEL1302', 'ART2018', 1, 44),
('Bestellijn1681', 'BESTEL1303', 'ART2027', 1, 39),
('Bestellijn1682', 'BESTEL1303', 'ART1008', 1, 38),
('Bestellijn1683', 'BESTEL1304', 'ART1015', 1, 37),
('Bestellijn1684', 'BESTEL1305', 'ART1016', 1, 39),
('Bestellijn1685', 'BESTEL1305', 'ART2022', 1, 41),
('Bestellijn1686', 'BESTEL1306', 'ART1013', 1, 39),
('Bestellijn1687', 'BESTEL1307', 'ART2018', 1, 39),
('Bestellijn1688', 'BESTEL1307', 'ART2027', 1, 41),
('Bestellijn1689', 'BESTEL1307', 'ART2006', 1, 40),
('Bestellijn1690', 'BESTEL1308', 'ART2007', 1, 43),
('Bestellijn1691', 'BESTEL1309', 'ART2003', 1, 38),
('Bestellijn1692', 'BESTEL1309', 'ART2022', 1, 39),
('Bestellijn1693', 'BESTEL1310', 'ART2025', 1, 39),
('Bestellijn1694', 'BESTEL1310', 'ART2037', 1, 39),
('Bestellijn1695', 'BESTEL1310', 'ART2019', 1, 42),
('Bestellijn1696', 'BESTEL1311', 'ART1004', 1, 44),
('Bestellijn1697', 'BESTEL1311', 'ART2022', 1, 39),
('Bestellijn1698', 'BESTEL1312', 'ART2002', 1, 38),
('Bestellijn1699', 'BESTEL1313', 'ART1002', 1, 40),
('Bestellijn1700', 'BESTEL1313', 'ART2038', 1, 37),
('Bestellijn1701', 'BESTEL1314', 'ART1008', 1, 38),
('Bestellijn1702', 'BESTEL1314', 'ART1016', 1, 40),
('Bestellijn1703', 'BESTEL1315', 'ART2030', 1, 39),
('Bestellijn1704', 'BESTEL1316', 'ART2005', 1, 42),
('Bestellijn1705', 'BESTEL1316', 'ART2029', 1, 44),
('Bestellijn1706', 'BESTEL1317', 'ART2001', 1, 44),
('Bestellijn1707', 'BESTEL1318', 'ART2036', 1, 37),
('Bestellijn1708', 'BESTEL1319', 'ART2038', 1, 42),
('Bestellijn1709', 'BESTEL1319', 'ART1011', 1, 37),
('Bestellijn1710', 'BESTEL1319', 'ART2002', 1, 37),
('Bestellijn1711', 'BESTEL1319', 'ART2006', 1, 41),
('Bestellijn1712', 'BESTEL1320', 'ART2018', 1, 43),
('Bestellijn1713', 'BESTEL1320', 'ART2012', 1, 37),
('Bestellijn1714', 'BESTEL1320', 'ART2008', 1, 39),
('Bestellijn1715', 'BESTEL1321', 'ART2004', 1, 44),
('Bestellijn1716', 'BESTEL1321', 'ART2033', 1, 42),
('Bestellijn1717', 'BESTEL1321', 'ART1004', 1, 38),
('Bestellijn1718', 'BESTEL1322', 'ART2022', 1, 43),
('Bestellijn1719', 'BESTEL1322', 'ART2007', 1, 44),
('Bestellijn1720', 'BESTEL1322', 'ART1012', 1, 38),
('Bestellijn1721', 'BESTEL1323', 'ART2007', 1, 43),
('Bestellijn1722', 'BESTEL1324', 'ART2007', 1, 41),
('Bestellijn1723', 'BESTEL1325', 'ART2003', 1, 38),
('Bestellijn1724', 'BESTEL1325', 'ART2024', 1, 39),
('Bestellijn1725', 'BESTEL1326', 'ART1014', 1, 39),
('Bestellijn1726', 'BESTEL1326', 'ART1015', 1, 39),
('Bestellijn1727', 'BESTEL1327', 'ART1002', 1, 37),
('Bestellijn1728', 'BESTEL1327', 'ART2027', 1, 41),
('Bestellijn1729', 'BESTEL1328', 'ART2035', 1, 38),
('Bestellijn1730', 'BESTEL1328', 'ART2027', 1, 43),
('Bestellijn1731', 'BESTEL1329', 'ART1012', 1, 41),
('Bestellijn1732', 'BESTEL1329', 'ART1005', 1, 43),
('Bestellijn1733', 'BESTEL1329', 'ART2006', 1, 39),
('Bestellijn1734', 'BESTEL1329', 'ART2037', 1, 40),
('Bestellijn1735', 'BESTEL1330', 'ART2009', 1, 40),
('Bestellijn1736', 'BESTEL1330', 'ART2026', 1, 40),
('Bestellijn1737', 'BESTEL1330', 'ART2022', 1, 37),
('Bestellijn1738', 'BESTEL1331', 'ART2039', 1, 38),
('Bestellijn1739', 'BESTEL1332', 'ART2001', 1, 39),
('Bestellijn1740', 'BESTEL1332', 'ART2016', 1, 42),
('Bestellijn1741', 'BESTEL1332', 'ART2018', 1, 38),
('Bestellijn1742', 'BESTEL1332', 'ART2028', 1, 38),
('Bestellijn1743', 'BESTEL1333', 'ART2001', 1, 43),
('Bestellijn1744', 'BESTEL1334', 'ART2022', 1, 38),
('Bestellijn1745', 'BESTEL1335', 'ART2037', 1, 43),
('Bestellijn1746', 'BESTEL1335', 'ART2013', 1, 43),
('Bestellijn1747', 'BESTEL1336', 'ART2025', 1, 41),
('Bestellijn1748', 'BESTEL1336', 'ART2010', 1, 41),
('Bestellijn1749', 'BESTEL1336', 'ART1014', 1, 44),
('Bestellijn1750', 'BESTEL1337', 'ART1006', 1, 39),
('Bestellijn1751', 'BESTEL1337', 'ART1017', 1, 44),
('Bestellijn1752', 'BESTEL1338', 'ART2017', 1, 37),
('Bestellijn1753', 'BESTEL1338', 'ART2014', 1, 42),
('Bestellijn1754', 'BESTEL1338', 'ART2018', 1, 42),
('Bestellijn1755', 'BESTEL1339', 'ART2001', 1, 41),
('Bestellijn1756', 'BESTEL1339', 'ART2023', 1, 42),
('Bestellijn1757', 'BESTEL1339', 'ART2026', 1, 41),
('Bestellijn1758', 'BESTEL1339', 'ART2007', 1, 41),
('Bestellijn1759', 'BESTEL1339', 'ART2030', 1, 37),
('Bestellijn1760', 'BESTEL1340', 'ART1002', 1, 40),
('Bestellijn1761', 'BESTEL1340', 'ART1003', 1, 44),
('Bestellijn1762', 'BESTEL1341', 'ART2009', 1, 41),
('Bestellijn1763', 'BESTEL1341', 'ART2025', 1, 44),
('Bestellijn1764', 'BESTEL1342', 'ART2013', 1, 37),
('Bestellijn1765', 'BESTEL1342', 'ART2006', 1, 41),
('Bestellijn1766', 'BESTEL1342', 'ART2003', 1, 42),
('Bestellijn1767', 'BESTEL1342', 'ART2039', 1, 44),
('Bestellijn1768', 'BESTEL1343', 'ART2035', 1, 38),
('Bestellijn1769', 'BESTEL1343', 'ART1004', 1, 44),
('Bestellijn1770', 'BESTEL1343', 'ART2017', 1, 43),
('Bestellijn1771', 'BESTEL1343', 'ART2008', 1, 44),
('Bestellijn1772', 'BESTEL1344', 'ART2021', 1, 40),
('Bestellijn1773', 'BESTEL1345', 'ART2013', 1, 44),
('Bestellijn1774', 'BESTEL1345', 'ART2009', 1, 42),
('Bestellijn1775', 'BESTEL1345', 'ART2028', 1, 41),
('Bestellijn1776', 'BESTEL1346', 'ART1003', 1, 41),
('Bestellijn1777', 'BESTEL1347', 'ART2025', 1, 38),
('Bestellijn1778', 'BESTEL1348', 'ART1013', 1, 39),
('Bestellijn1779', 'BESTEL1348', 'ART2018', 1, 42),
('Bestellijn1780', 'BESTEL1349', 'ART2003', 1, 40),
('Bestellijn1781', 'BESTEL1349', 'ART2038', 1, 42),
('Bestellijn1782', 'BESTEL1350', 'ART2015', 1, 37),
('Bestellijn1783', 'BESTEL1351', 'ART2002', 1, 39),
('Bestellijn1784', 'BESTEL1352', 'ART2015', 1, 44),
('Bestellijn1785', 'BESTEL1353', 'ART2036', 1, 39),
('Bestellijn1786', 'BESTEL1353', 'ART2003', 1, 44),
('Bestellijn1787', 'BESTEL1353', 'ART1006', 1, 37),
('Bestellijn1788', 'BESTEL1354', 'ART2016', 1, 42),
('Bestellijn1789', 'BESTEL1354', 'ART2025', 1, 38),
('Bestellijn1790', 'BESTEL1355', 'ART1009', 1, 39),
('Bestellijn1791', 'BESTEL1355', 'ART1004', 1, 39),
('Bestellijn1792', 'BESTEL1356', 'ART2032', 1, 37),
('Bestellijn1793', 'BESTEL1356', 'ART2016', 1, 44),
('Bestellijn1794', 'BESTEL1356', 'ART2004', 1, 42),
('Bestellijn1795', 'BESTEL1356', 'ART2033', 1, 42),
('Bestellijn1796', 'BESTEL1357', 'ART2036', 1, 38),
('Bestellijn1797', 'BESTEL1358', 'ART2034', 1, 44),
('Bestellijn1798', 'BESTEL1359', 'ART2013', 1, 37),
('Bestellijn1799', 'BESTEL1359', 'ART2024', 1, 44),
('Bestellijn1800', 'BESTEL1359', 'ART2027', 1, 44),
('Bestellijn1801', 'BESTEL1360', 'ART1009', 1, 41),
('Bestellijn1802', 'BESTEL1360', 'ART2015', 1, 41),
('Bestellijn1803', 'BESTEL1361', 'ART1002', 1, 40),
('Bestellijn1804', 'BESTEL1361', 'ART2003', 1, 44),
('Bestellijn1805', 'BESTEL1362', 'ART2036', 1, 41),
('Bestellijn1806', 'BESTEL1362', 'ART2035', 1, 39),
('Bestellijn1807', 'BESTEL1362', 'ART2026', 1, 41),
('Bestellijn1808', 'BESTEL1363', 'ART1005', 1, 37),
('Bestellijn1809', 'BESTEL1363', 'ART2007', 1, 44),
('Bestellijn1810', 'BESTEL1363', 'ART2038', 1, 39),
('Bestellijn1811', 'BESTEL1364', 'ART2032', 1, 42),
('Bestellijn1812', 'BESTEL1365', 'ART2026', 1, 44),
('Bestellijn1813', 'BESTEL1366', 'ART2021', 1, 43),
('Bestellijn1814', 'BESTEL1367', 'ART2027', 1, 43),
('Bestellijn1815', 'BESTEL1368', 'ART2031', 1, 39),
('Bestellijn1816', 'BESTEL1369', 'ART1016', 1, 40),
('Bestellijn1817', 'BESTEL1369', 'ART2029', 1, 39),
('Bestellijn1818', 'BESTEL1370', 'ART2025', 1, 40),
('Bestellijn1819', 'BESTEL1371', 'ART1003', 1, 38),
('Bestellijn1820', 'BESTEL1371', 'ART2019', 1, 37),
('Bestellijn1821', 'BESTEL1372', 'ART2035', 1, 43),
('Bestellijn1822', 'BESTEL1372', 'ART1017', 1, 41),
('Bestellijn1823', 'BESTEL1373', 'ART1011', 1, 42),
('Bestellijn1824', 'BESTEL1374', 'ART2009', 1, 42),
('Bestellijn1825', 'BESTEL1374', 'ART2026', 1, 42),
('Bestellijn1826', 'BESTEL1375', 'ART2013', 1, 42),
('Bestellijn1827', 'BESTEL1376', 'ART1010', 1, 41),
('Bestellijn1828', 'BESTEL1376', 'ART2031', 1, 39),
('Bestellijn1829', 'BESTEL1377', 'ART2005', 1, 41),
('Bestellijn1830', 'BESTEL1378', 'ART1011', 1, 37),
('Bestellijn1831', 'BESTEL1378', 'ART2031', 1, 41),
('Bestellijn1832', 'BESTEL1379', 'ART2014', 1, 41),
('Bestellijn1833', 'BESTEL1379', 'ART2011', 1, 38),
('Bestellijn1834', 'BESTEL1380', 'ART2035', 1, 41),
('Bestellijn1835', 'BESTEL1380', 'ART2026', 1, 41),
('Bestellijn1836', 'BESTEL1380', 'ART1004', 1, 41),
('Bestellijn1837', 'BESTEL1381', 'ART2024', 1, 43),
('Bestellijn1838', 'BESTEL1381', 'ART2002', 1, 41),
('Bestellijn1839', 'BESTEL1382', 'ART1002', 1, 37),
('Bestellijn1840', 'BESTEL1382', 'ART2002', 1, 41),
('Bestellijn1841', 'BESTEL1382', 'ART1009', 1, 40),
('Bestellijn1842', 'BESTEL1383', 'ART1010', 1, 40),
('Bestellijn1843', 'BESTEL1384', 'ART2028', 1, 43),
('Bestellijn1844', 'BESTEL1384', 'ART2013', 1, 39),
('Bestellijn1845', 'BESTEL1385', 'ART2003', 1, 42),
('Bestellijn1846', 'BESTEL1386', 'ART2003', 1, 40),
('Bestellijn1847', 'BESTEL1387', 'ART2039', 1, 43),
('Bestellijn1848', 'BESTEL1388', 'ART2002', 1, 43),
('Bestellijn1849', 'BESTEL1389', 'ART2035', 1, 40),
('Bestellijn1850', 'BESTEL1389', 'ART2026', 1, 37),
('Bestellijn1851', 'BESTEL1390', 'ART1010', 1, 40),
('Bestellijn1852', 'BESTEL1391', 'ART1010', 1, 37),
('Bestellijn1853', 'BESTEL1392', 'ART1009', 1, 44),
('Bestellijn1854', 'BESTEL1393', 'ART1010', 1, 43),
('Bestellijn1855', 'BESTEL1394', 'ART2034', 1, 43),
('Bestellijn1856', 'BESTEL1394', 'ART1015', 1, 40),
('Bestellijn1857', 'BESTEL1395', 'ART2012', 1, 42),
('Bestellijn1858', 'BESTEL1395', 'ART2038', 1, 43),
('Bestellijn1859', 'BESTEL1395', 'ART2010', 1, 38),
('Bestellijn1860', 'BESTEL1396', 'ART1013', 1, 38),
('Bestellijn1861', 'BESTEL1396', 'ART2022', 1, 44),
('Bestellijn1862', 'BESTEL1397', 'ART2015', 1, 40),
('Bestellijn1863', 'BESTEL1397', 'ART2020', 1, 40),
('Bestellijn1864', 'BESTEL1397', 'ART2032', 1, 43),
('Bestellijn1865', 'BESTEL1398', 'ART2017', 1, 42),
('Bestellijn1866', 'BESTEL1398', 'ART1017', 1, 44),
('Bestellijn1867', 'BESTEL1398', 'ART1008', 1, 40),
('Bestellijn1868', 'BESTEL1399', 'ART2023', 1, 39),
('Bestellijn1869', 'BESTEL1399', 'ART2034', 1, 40),
('Bestellijn1870', 'BESTEL1400', 'ART2027', 1, 38),
('Bestellijn1871', 'BESTEL1400', 'ART1011', 1, 43),
('Bestellijn1872', 'BESTEL1400', 'ART2018', 1, 39),
('Bestellijn1873', 'BESTEL1401', 'ART2017', 1, 44),
('Bestellijn1874', 'BESTEL1401', 'ART2025', 1, 43),
('Bestellijn1875', 'BESTEL1402', 'ART2025', 1, 37),
('Bestellijn1876', 'BESTEL1402', 'ART2008', 1, 40),
('Bestellijn1877', 'BESTEL1403', 'ART2021', 1, 41),
('Bestellijn1878', 'BESTEL1404', 'ART2034', 1, 41),
('Bestellijn1879', 'BESTEL1405', 'ART1003', 1, 40),
('Bestellijn1880', 'BESTEL1405', 'ART2008', 1, 40),
('Bestellijn1881', 'BESTEL1406', 'ART1013', 1, 39),
('Bestellijn1882', 'BESTEL1406', 'ART2017', 1, 43),
('Bestellijn1883', 'BESTEL1407', 'ART2003', 1, 44),
('Bestellijn1884', 'BESTEL1408', 'ART2011', 1, 44),
('Bestellijn1885', 'BESTEL1409', 'ART1011', 1, 37),
('Bestellijn1886', 'BESTEL1410', 'ART1015', 1, 41),
('Bestellijn1887', 'BESTEL1411', 'ART2008', 1, 40),
('Bestellijn1888', 'BESTEL1411', 'ART2036', 1, 39),
('Bestellijn1889', 'BESTEL1411', 'ART2006', 1, 42),
('Bestellijn1890', 'BESTEL1412', 'ART2012', 1, 41),
('Bestellijn1891', 'BESTEL1412', 'ART1006', 1, 38),
('Bestellijn1892', 'BESTEL1412', 'ART2013', 1, 42),
('Bestellijn1893', 'BESTEL1413', 'ART2002', 1, 38),
('Bestellijn1894', 'BESTEL1414', 'ART1014', 1, 42),
('Bestellijn1895', 'BESTEL1414', 'ART2031', 1, 43),
('Bestellijn1896', 'BESTEL1414', 'ART2038', 1, 41),
('Bestellijn1897', 'BESTEL1414', 'ART2013', 1, 38),
('Bestellijn1898', 'BESTEL1414', 'ART2015', 1, 44),
('Bestellijn1899', 'BESTEL1415', 'ART1003', 1, 40),
('Bestellijn1900', 'BESTEL1415', 'ART2024', 1, 39),
('Bestellijn1901', 'BESTEL1415', 'ART2022', 1, 42),
('Bestellijn1902', 'BESTEL1416', 'ART1017', 1, 39),
('Bestellijn1903', 'BESTEL1416', 'ART2022', 1, 37),
('Bestellijn1904', 'BESTEL1417', 'ART1007', 1, 40),
('Bestellijn1905', 'BESTEL1417', 'ART2024', 1, 37),
('Bestellijn1906', 'BESTEL1418', 'ART2034', 1, 42),
('Bestellijn1907', 'BESTEL1418', 'ART2014', 1, 40),
('Bestellijn1908', 'BESTEL1419', 'ART2027', 1, 37),
('Bestellijn1909', 'BESTEL1419', 'ART2015', 1, 37),
('Bestellijn1910', 'BESTEL1419', 'ART2017', 1, 39),
('Bestellijn1911', 'BESTEL1420', 'ART1013', 1, 44),
('Bestellijn1912', 'BESTEL1420', 'ART2014', 1, 37),
('Bestellijn1913', 'BESTEL1420', 'ART1009', 1, 39),
('Bestellijn1914', 'BESTEL1420', 'ART2005', 1, 43),
('Bestellijn1915', 'BESTEL1421', 'ART2024', 1, 42),
('Bestellijn1916', 'BESTEL1421', 'ART2019', 1, 42),
('Bestellijn1917', 'BESTEL1421', 'ART1002', 1, 40),
('Bestellijn1918', 'BESTEL1422', 'ART2027', 1, 38),
('Bestellijn1919', 'BESTEL1422', 'ART1008', 1, 38),
('Bestellijn1920', 'BESTEL1423', 'ART2001', 1, 37),
('Bestellijn1921', 'BESTEL1423', 'ART2028', 1, 42),
('Bestellijn1922', 'BESTEL1423', 'ART2016', 1, 43),
('Bestellijn1923', 'BESTEL1424', 'ART2026', 1, 44),
('Bestellijn1924', 'BESTEL1424', 'ART2009', 1, 44),
('Bestellijn1925', 'BESTEL1424', 'ART2038', 1, 37),
('Bestellijn1926', 'BESTEL1424', 'ART2022', 1, 39),
('Bestellijn1927', 'BESTEL1425', 'ART2025', 1, 40),
('Bestellijn1928', 'BESTEL1425', 'ART2033', 1, 41),
('Bestellijn1929', 'BESTEL1425', 'ART2018', 1, 42),
('Bestellijn1930', 'BESTEL1426', 'ART2016', 1, 39),
('Bestellijn1931', 'BESTEL1426', 'ART2019', 1, 43),
('Bestellijn1932', 'BESTEL1427', 'ART2007', 1, 43),
('Bestellijn1933', 'BESTEL1427', 'ART2029', 1, 43),
('Bestellijn1934', 'BESTEL1428', 'ART2026', 1, 44),
('Bestellijn1935', 'BESTEL1428', 'ART2027', 1, 39),
('Bestellijn1936', 'BESTEL1429', 'ART2008', 1, 42),
('Bestellijn1937', 'BESTEL1430', 'ART2029', 1, 43),
('Bestellijn1938', 'BESTEL1431', 'ART2035', 1, 37),
('Bestellijn1939', 'BESTEL1432', 'ART2003', 1, 39),
('Bestellijn1940', 'BESTEL1433', 'ART2017', 1, 41),
('Bestellijn1941', 'BESTEL1434', 'ART2028', 1, 39),
('Bestellijn1942', 'BESTEL1435', 'ART2031', 1, 43),
('Bestellijn1943', 'BESTEL1436', 'ART2032', 1, 38),
('Bestellijn1944', 'BESTEL1437', 'ART2006', 1, 38),
('Bestellijn1945', 'BESTEL1437', 'ART2010', 1, 40),
('Bestellijn1946', 'BESTEL1437', 'ART2036', 1, 44),
('Bestellijn1947', 'BESTEL1438', 'ART1004', 1, 40),
('Bestellijn1948', 'BESTEL1438', 'ART1003', 1, 37),
('Bestellijn1949', 'BESTEL1438', 'ART2002', 1, 43),
('Bestellijn1950', 'BESTEL1438', 'ART1012', 1, 44),
('Bestellijn1951', 'BESTEL1439', 'ART1013', 1, 42),
('Bestellijn1952', 'BESTEL1440', 'ART2012', 1, 41),
('Bestellijn1953', 'BESTEL1440', 'ART2038', 1, 39),
('Bestellijn1954', 'BESTEL1441', 'ART2030', 1, 44),
('Bestellijn1955', 'BESTEL1441', 'ART2017', 1, 40),
('Bestellijn1956', 'BESTEL1442', 'ART2027', 1, 42),
('Bestellijn1957', 'BESTEL1442', 'ART2004', 1, 38),
('Bestellijn1958', 'BESTEL1443', 'ART2009', 1, 41),
('Bestellijn1959', 'BESTEL1443', 'ART2007', 1, 44),
('Bestellijn1960', 'BESTEL1444', 'ART2036', 1, 40),
('Bestellijn1961', 'BESTEL1444', 'ART1015', 1, 44),
('Bestellijn1962', 'BESTEL1445', 'ART2026', 1, 44),
('Bestellijn1963', 'BESTEL1445', 'ART1009', 1, 38),
('Bestellijn1964', 'BESTEL1445', 'ART2025', 1, 37),
('Bestellijn1965', 'BESTEL1445', 'ART2028', 1, 42),
('Bestellijn1966', 'BESTEL1445', 'ART2006', 1, 42),
('Bestellijn1967', 'BESTEL1446', 'ART2018', 1, 42),
('Bestellijn1968', 'BESTEL1446', 'ART1013', 1, 41),
('Bestellijn1969', 'BESTEL1446', 'ART1016', 1, 39),
('Bestellijn1970', 'BESTEL1447', 'ART2032', 1, 44),
('Bestellijn1971', 'BESTEL1447', 'ART2005', 1, 43),
('Bestellijn1972', 'BESTEL1447', 'ART2025', 1, 42),
('Bestellijn1973', 'BESTEL1447', 'ART2017', 1, 43),
('Bestellijn1974', 'BESTEL1448', 'ART2005', 1, 44),
('Bestellijn1975', 'BESTEL1449', 'ART2035', 1, 43),
('Bestellijn1976', 'BESTEL1449', 'ART2011', 1, 42),
('Bestellijn1977', 'BESTEL1450', 'ART2030', 1, 39),
('Bestellijn1978', 'BESTEL1450', 'ART2035', 1, 42),
('Bestellijn1979', 'BESTEL1451', 'ART2035', 1, 38),
('Bestellijn1980', 'BESTEL1452', 'ART2002', 1, 37),
('Bestellijn1981', 'BESTEL1453', 'ART2021', 1, 40),
('Bestellijn1982', 'BESTEL1454', 'ART2024', 1, 42),
('Bestellijn1983', 'BESTEL1454', 'ART1013', 1, 38),
('Bestellijn1984', 'BESTEL1454', 'ART1005', 1, 38),
('Bestellijn1985', 'BESTEL1454', 'ART2017', 1, 43),
('Bestellijn1986', 'BESTEL1455', 'ART2004', 1, 37),
('Bestellijn1987', 'BESTEL1455', 'ART2034', 1, 40),
('Bestellijn1988', 'BESTEL1455', 'ART2028', 1, 40),
('Bestellijn1989', 'BESTEL1455', 'ART1010', 1, 38),
('Bestellijn1990', 'BESTEL1456', 'ART2004', 1, 44),
('Bestellijn1991', 'BESTEL1457', 'ART2039', 1, 40),
('Bestellijn1992', 'BESTEL1457', 'ART1005', 1, 38),
('Bestellijn1993', 'BESTEL1458', 'ART2027', 1, 42),
('Bestellijn1994', 'BESTEL1458', 'ART2035', 1, 42),
('Bestellijn1995', 'BESTEL1458', 'ART1007', 1, 38),
('Bestellijn1996', 'BESTEL1459', 'ART2009', 1, 39),
('Bestellijn1997', 'BESTEL1460', 'ART2033', 1, 44),
('Bestellijn1998', 'BESTEL1460', 'ART2025', 1, 42);
INSERT INTO `tblbestellijnen` (`BestellijnID`, `Bestelling`, `Artikel`, `Aantal`, `Maat`) VALUES
('Bestellijn1999', 'BESTEL1461', 'ART2001', 1, 43),
('Bestellijn2000', 'BESTEL1461', 'ART2013', 1, 42),
('Bestellijn2001', 'BESTEL1461', 'ART2022', 1, 38),
('Bestellijn2002', 'BESTEL1461', 'ART2025', 1, 44),
('Bestellijn2003', 'BESTEL1462', 'ART2022', 1, 39),
('Bestellijn2004', 'BESTEL1462', 'ART2024', 1, 37),
('Bestellijn2005', 'BESTEL1462', 'ART2009', 1, 44),
('Bestellijn2006', 'BESTEL1462', 'ART1005', 1, 40),
('Bestellijn2007', 'BESTEL1463', 'ART2011', 1, 43),
('Bestellijn2008', 'BESTEL1463', 'ART2022', 1, 40),
('Bestellijn2009', 'BESTEL1464', 'ART2036', 1, 38),
('Bestellijn2010', 'BESTEL1464', 'ART2018', 1, 44),
('Bestellijn2011', 'BESTEL1464', 'ART2021', 1, 40),
('Bestellijn2012', 'BESTEL1465', 'ART2012', 1, 39),
('Bestellijn2013', 'BESTEL1465', 'ART2009', 1, 41),
('Bestellijn2014', 'BESTEL1466', 'ART1002', 1, 40),
('Bestellijn2015', 'BESTEL1467', 'ART2020', 1, 37),
('Bestellijn2016', 'BESTEL1467', 'ART2002', 1, 39),
('Bestellijn2017', 'BESTEL1467', 'ART2033', 1, 43),
('Bestellijn2018', 'BESTEL1468', 'ART2011', 1, 39),
('Bestellijn2019', 'BESTEL1469', 'ART2033', 1, 40),
('Bestellijn2020', 'BESTEL1469', 'ART2036', 1, 40),
('Bestellijn2021', 'BESTEL1470', 'ART2015', 1, 44),
('Bestellijn2022', 'BESTEL1470', 'ART2032', 1, 43),
('Bestellijn2023', 'BESTEL1471', 'ART1004', 1, 37),
('Bestellijn2024', 'BESTEL1472', 'ART2032', 1, 40),
('Bestellijn2025', 'BESTEL1473', 'ART1015', 1, 43),
('Bestellijn2026', 'BESTEL1474', 'ART2031', 1, 37),
('Bestellijn2027', 'BESTEL1474', 'ART1008', 1, 43),
('Bestellijn2028', 'BESTEL1474', 'ART2018', 1, 41),
('Bestellijn2029', 'BESTEL1475', 'ART2037', 1, 37),
('Bestellijn2030', 'BESTEL1475', 'ART2008', 1, 43),
('Bestellijn2031', 'BESTEL1476', 'ART2030', 1, 39),
('Bestellijn2032', 'BESTEL1476', 'ART1002', 1, 37),
('Bestellijn2033', 'BESTEL1477', 'ART2015', 1, 39),
('Bestellijn2034', 'BESTEL1477', 'ART2013', 1, 40),
('Bestellijn2035', 'BESTEL1478', 'ART1006', 1, 43),
('Bestellijn2036', 'BESTEL1478', 'ART2018', 1, 37),
('Bestellijn2037', 'BESTEL1479', 'ART2002', 1, 41),
('Bestellijn2038', 'BESTEL1479', 'ART2015', 1, 40),
('Bestellijn2039', 'BESTEL1479', 'ART2022', 1, 37),
('Bestellijn2040', 'BESTEL1480', 'ART2033', 1, 43),
('Bestellijn2041', 'BESTEL1480', 'ART2034', 1, 43),
('Bestellijn2042', 'BESTEL1481', 'ART2007', 1, 39),
('Bestellijn2043', 'BESTEL1481', 'ART2037', 1, 41),
('Bestellijn2044', 'BESTEL1482', 'ART2006', 1, 39),
('Bestellijn2045', 'BESTEL1483', 'ART1011', 1, 44),
('Bestellijn2046', 'BESTEL1483', 'ART1004', 1, 39),
('Bestellijn2047', 'BESTEL1483', 'ART2018', 1, 42),
('Bestellijn2048', 'BESTEL1484', 'ART1004', 1, 38),
('Bestellijn2049', 'BESTEL1484', 'ART1014', 1, 43),
('Bestellijn2050', 'BESTEL1484', 'ART1012', 1, 43),
('Bestellijn2051', 'BESTEL1485', 'ART1011', 1, 42),
('Bestellijn2052', 'BESTEL1485', 'ART2034', 1, 42),
('Bestellijn2053', 'BESTEL1486', 'ART2027', 1, 39),
('Bestellijn2054', 'BESTEL1486', 'ART1004', 1, 40),
('Bestellijn2055', 'BESTEL1487', 'ART1003', 1, 40),
('Bestellijn2056', 'BESTEL1487', 'ART1016', 1, 40),
('Bestellijn2057', 'BESTEL1487', 'ART2011', 1, 42),
('Bestellijn2058', 'BESTEL1488', 'ART2005', 1, 44),
('Bestellijn2059', 'BESTEL1488', 'ART2015', 1, 42),
('Bestellijn2060', 'BESTEL1488', 'ART2024', 1, 42),
('Bestellijn2061', 'BESTEL1489', 'ART2032', 1, 43),
('Bestellijn2062', 'BESTEL1490', 'ART2031', 1, 39),
('Bestellijn2063', 'BESTEL1490', 'ART2025', 1, 41),
('Bestellijn2064', 'BESTEL1490', 'ART1009', 1, 37),
('Bestellijn2065', 'BESTEL1491', 'ART2025', 1, 41),
('Bestellijn2066', 'BESTEL1491', 'ART1015', 1, 43),
('Bestellijn2067', 'BESTEL1492', 'ART2016', 1, 39),
('Bestellijn2068', 'BESTEL1492', 'ART2023', 1, 38),
('Bestellijn2069', 'BESTEL1492', 'ART2024', 1, 42),
('Bestellijn2070', 'BESTEL1493', 'ART2032', 1, 44),
('Bestellijn2071', 'BESTEL1493', 'ART1010', 1, 38);

-- --------------------------------------------------------

--
-- Tabelstructuur voor tabel `tblbestellingen`
--

CREATE TABLE `tblbestellingen` (
  `BestelID` varchar(10) NOT NULL DEFAULT '',
  `KlantID` varchar(6) DEFAULT NULL,
  `Datum` date DEFAULT NULL
) ENGINE=InnoDB DEFAULT CHARSET=utf8;

--
-- Gegevens worden geëxporteerd voor tabel `tblbestellingen`
--

INSERT INTO `tblbestellingen` (`BestelID`, `KlantID`, `Datum`) VALUES
('BESTEL1001', 'KL1182', '2020-05-26'),
('BESTEL1002', 'KL1051', '2020-05-26'),
('BESTEL1003', 'KL1049', '2020-05-26'),
('BESTEL1004', 'KL1123', '2020-05-26'),
('BESTEL1005', 'KL1042', '2020-05-26'),
('BESTEL1006', 'KL1130', '2020-05-26'),
('BESTEL1007', 'KL1021', '2020-05-26'),
('BESTEL1008', 'KL1029', '2020-05-27'),
('BESTEL1009', 'KL1137', '2020-05-27'),
('BESTEL1010', 'KL1040', '2020-05-27'),
('BESTEL1011', 'KL1150', '2020-05-27'),
('BESTEL1012', 'KL1084', '2020-05-27'),
('BESTEL1013', 'KL1037', '2020-05-27'),
('BESTEL1014', 'KL1149', '2020-05-27'),
('BESTEL1015', 'KL1195', '2020-05-28'),
('BESTEL1016', 'KL1180', '2020-05-28'),
('BESTEL1017', 'KL1024', '2020-05-28'),
('BESTEL1018', 'KL1112', '2020-05-28'),
('BESTEL1019', 'KL1138', '2020-05-28'),
('BESTEL1020', 'KL1144', '2020-05-28'),
('BESTEL1021', 'KL1120', '2020-05-29'),
('BESTEL1022', 'KL1063', '2020-05-29'),
('BESTEL1023', 'KL1068', '2020-05-29'),
('BESTEL1024', 'KL1005', '2020-05-30'),
('BESTEL1025', 'KL1022', '2020-05-30'),
('BESTEL1026', 'KL1001', '2020-05-30'),
('BESTEL1027', 'KL1167', '2020-05-30'),
('BESTEL1028', 'KL1186', '2020-05-30'),
('BESTEL1029', 'KL1165', '2020-05-30'),
('BESTEL1030', 'KL1193', '2020-05-31'),
('BESTEL1031', 'KL1151', '2020-05-31'),
('BESTEL1032', 'KL1083', '2020-05-31'),
('BESTEL1033', 'KL1127', '2020-05-31'),
('BESTEL1034', 'KL1197', '2020-05-31'),
('BESTEL1035', 'KL1160', '2020-05-31'),
('BESTEL1036', 'KL1011', '2020-05-31'),
('BESTEL1037', 'KL1054', '2020-05-31'),
('BESTEL1038', 'KL1023', '2020-05-31'),
('BESTEL1039', 'KL1118', '2020-05-31'),
('BESTEL1040', 'KL1140', '2020-06-01'),
('BESTEL1041', 'KL1148', '2020-06-01'),
('BESTEL1042', 'KL1174', '2020-06-01'),
('BESTEL1043', 'KL1110', '2020-06-01'),
('BESTEL1044', 'KL1132', '2020-06-01'),
('BESTEL1045', 'KL1073', '2020-06-01'),
('BESTEL1046', 'KL1034', '2020-06-02'),
('BESTEL1047', 'KL1155', '2020-06-02'),
('BESTEL1048', 'KL1153', '2020-06-02'),
('BESTEL1049', 'KL1179', '2020-06-02'),
('BESTEL1050', 'KL1191', '2020-06-02'),
('BESTEL1051', 'KL1043', '2020-06-02'),
('BESTEL1052', 'KL1161', '2020-06-02'),
('BESTEL1053', 'KL1124', '2020-06-03'),
('BESTEL1054', 'KL1089', '2020-06-03'),
('BESTEL1055', 'KL1106', '2020-06-03'),
('BESTEL1056', 'KL1107', '2020-06-03'),
('BESTEL1057', 'KL1030', '2020-06-03'),
('BESTEL1058', 'KL1019', '2020-06-04'),
('BESTEL1059', 'KL1012', '2020-06-04'),
('BESTEL1060', 'KL1036', '2020-06-04'),
('BESTEL1061', 'KL1129', '2020-06-04'),
('BESTEL1062', 'KL1089', '2020-06-04'),
('BESTEL1063', 'KL1151', '2020-06-04'),
('BESTEL1064', 'KL1063', '2020-06-05'),
('BESTEL1065', 'KL1070', '2020-06-05'),
('BESTEL1066', 'KL1138', '2020-06-05'),
('BESTEL1067', 'KL1040', '2020-06-05'),
('BESTEL1068', 'KL1092', '2020-06-05'),
('BESTEL1069', 'KL1197', '2020-06-05'),
('BESTEL1070', 'KL1049', '2020-06-05'),
('BESTEL1071', 'KL1145', '2020-06-05'),
('BESTEL1072', 'KL1011', '2020-06-05'),
('BESTEL1073', 'KL1118', '2020-06-06'),
('BESTEL1074', 'KL1179', '2020-06-06'),
('BESTEL1075', 'KL1045', '2020-06-07'),
('BESTEL1076', 'KL1102', '2020-06-07'),
('BESTEL1077', 'KL1020', '2020-06-07'),
('BESTEL1078', 'KL1022', '2020-06-08'),
('BESTEL1079', 'KL1027', '2020-06-08'),
('BESTEL1080', 'KL1028', '2020-06-08'),
('BESTEL1081', 'KL1102', '2020-06-08'),
('BESTEL1082', 'KL1065', '2020-06-08'),
('BESTEL1083', 'KL1034', '2020-06-08'),
('BESTEL1084', 'KL1136', '2020-06-08'),
('BESTEL1085', 'KL1088', '2020-06-09'),
('BESTEL1086', 'KL1027', '2020-06-09'),
('BESTEL1087', 'KL1126', '2020-06-09'),
('BESTEL1088', 'KL1142', '2020-06-09'),
('BESTEL1089', 'KL1052', '2020-06-09'),
('BESTEL1090', 'KL1060', '2020-06-09'),
('BESTEL1091', 'KL1157', '2020-06-09'),
('BESTEL1092', 'KL1131', '2020-06-10'),
('BESTEL1093', 'KL1018', '2020-06-10'),
('BESTEL1094', 'KL1147', '2020-06-10'),
('BESTEL1095', 'KL1032', '2020-06-10'),
('BESTEL1096', 'KL1079', '2020-06-10'),
('BESTEL1097', 'KL1033', '2020-06-10'),
('BESTEL1098', 'KL1176', '2020-06-10'),
('BESTEL1099', 'KL1008', '2020-06-11'),
('BESTEL1100', 'KL1001', '2020-06-11'),
('BESTEL1101', 'KL1172', '2020-06-11'),
('BESTEL1102', 'KL1142', '2020-06-11'),
('BESTEL1103', 'KL1040', '2020-06-11'),
('BESTEL1104', 'KL1019', '2020-06-11'),
('BESTEL1105', 'KL1158', '2020-06-11'),
('BESTEL1106', 'KL1145', '2020-06-12'),
('BESTEL1107', 'KL1013', '2020-06-12'),
('BESTEL1108', 'KL1036', '2020-06-12'),
('BESTEL1109', 'KL1060', '2020-06-12'),
('BESTEL1110', 'KL1094', '2020-06-12'),
('BESTEL1111', 'KL1097', '2020-06-12'),
('BESTEL1112', 'KL1055', '2020-06-12'),
('BESTEL1113', 'KL1031', '2020-06-12'),
('BESTEL1114', 'KL1010', '2020-06-13'),
('BESTEL1115', 'KL1157', '2020-06-13'),
('BESTEL1116', 'KL1090', '2020-06-13'),
('BESTEL1117', 'KL1124', '2020-06-13'),
('BESTEL1118', 'KL1059', '2020-06-13'),
('BESTEL1119', 'KL1011', '2020-06-13'),
('BESTEL1120', 'KL1053', '2020-06-13'),
('BESTEL1121', 'KL1105', '2020-06-13'),
('BESTEL1122', 'KL1052', '2020-06-13'),
('BESTEL1123', 'KL1023', '2020-06-14'),
('BESTEL1124', 'KL1109', '2020-06-14'),
('BESTEL1125', 'KL1031', '2020-06-14'),
('BESTEL1126', 'KL1056', '2020-06-14'),
('BESTEL1127', 'KL1011', '2020-06-14'),
('BESTEL1128', 'KL1042', '2020-06-14'),
('BESTEL1129', 'KL1110', '2020-06-14'),
('BESTEL1130', 'KL1188', '2020-06-14'),
('BESTEL1131', 'KL1070', '2020-06-14'),
('BESTEL1132', 'KL1165', '2020-06-14'),
('BESTEL1133', 'KL1186', '2020-06-15'),
('BESTEL1134', 'KL1119', '2020-06-15'),
('BESTEL1135', 'KL1083', '2020-06-15'),
('BESTEL1136', 'KL1010', '2020-06-15'),
('BESTEL1137', 'KL1044', '2020-06-15'),
('BESTEL1138', 'KL1075', '2020-06-16'),
('BESTEL1139', 'KL1026', '2020-06-16'),
('BESTEL1140', 'KL1134', '2020-06-17'),
('BESTEL1141', 'KL1044', '2020-06-17'),
('BESTEL1142', 'KL1185', '2020-06-17'),
('BESTEL1143', 'KL1023', '2020-06-17'),
('BESTEL1144', 'KL1050', '2020-06-17'),
('BESTEL1145', 'KL1001', '2020-06-17'),
('BESTEL1146', 'KL1099', '2020-06-18'),
('BESTEL1147', 'KL1101', '2020-06-18'),
('BESTEL1148', 'KL1123', '2020-06-18'),
('BESTEL1149', 'KL1148', '2020-06-18'),
('BESTEL1150', 'KL1174', '2020-06-18'),
('BESTEL1151', 'KL1055', '2020-06-18'),
('BESTEL1152', 'KL1090', '2020-06-19'),
('BESTEL1153', 'KL1122', '2020-06-19'),
('BESTEL1154', 'KL1115', '2020-06-19'),
('BESTEL1155', 'KL1066', '2020-06-19'),
('BESTEL1156', 'KL1067', '2020-06-19'),
('BESTEL1157', 'KL1118', '2020-06-20'),
('BESTEL1158', 'KL1104', '2020-06-20'),
('BESTEL1159', 'KL1120', '2020-06-20'),
('BESTEL1160', 'KL1030', '2020-06-20'),
('BESTEL1161', 'KL1161', '2020-06-20'),
('BESTEL1162', 'KL1129', '2020-06-21'),
('BESTEL1163', 'KL1022', '2020-06-21'),
('BESTEL1164', 'KL1065', '2020-06-21'),
('BESTEL1165', 'KL1105', '2020-06-21'),
('BESTEL1166', 'KL1019', '2020-06-21'),
('BESTEL1167', 'KL1061', '2020-06-21'),
('BESTEL1168', 'KL1131', '2020-06-22'),
('BESTEL1169', 'KL1032', '2020-06-22'),
('BESTEL1170', 'KL1104', '2020-06-22'),
('BESTEL1171', 'KL1108', '2020-06-22'),
('BESTEL1172', 'KL1048', '2020-06-22'),
('BESTEL1173', 'KL1173', '2020-06-22'),
('BESTEL1174', 'KL1034', '2020-06-23'),
('BESTEL1175', 'KL1075', '2020-06-23'),
('BESTEL1176', 'KL1092', '2020-06-23'),
('BESTEL1177', 'KL1191', '2020-06-23'),
('BESTEL1178', 'KL1047', '2020-06-23'),
('BESTEL1179', 'KL1007', '2020-06-23'),
('BESTEL1180', 'KL1011', '2020-06-24'),
('BESTEL1181', 'KL1032', '2020-06-24'),
('BESTEL1182', 'KL1150', '2020-06-24'),
('BESTEL1183', 'KL1109', '2020-06-24'),
('BESTEL1184', 'KL1063', '2020-06-24'),
('BESTEL1185', 'KL1057', '2020-06-24'),
('BESTEL1186', 'KL1013', '2020-06-24'),
('BESTEL1187', 'KL1054', '2020-06-24'),
('BESTEL1188', 'KL1080', '2020-06-25'),
('BESTEL1189', 'KL1133', '2020-06-25'),
('BESTEL1190', 'KL1083', '2020-06-25'),
('BESTEL1191', 'KL1185', '2020-06-25'),
('BESTEL1192', 'KL1187', '2020-06-25'),
('BESTEL1193', 'KL1170', '2020-06-26'),
('BESTEL1194', 'KL1126', '2020-06-26'),
('BESTEL1195', 'KL1091', '2020-06-26'),
('BESTEL1196', 'KL1185', '2020-06-26'),
('BESTEL1197', 'KL1051', '2020-06-26'),
('BESTEL1198', 'KL1164', '2020-06-27'),
('BESTEL1199', 'KL1041', '2020-06-27'),
('BESTEL1200', 'KL1144', '2020-06-27'),
('BESTEL1201', 'KL1005', '2020-06-27'),
('BESTEL1202', 'KL1106', '2020-06-27'),
('BESTEL1203', 'KL1114', '2020-06-27'),
('BESTEL1204', 'KL1021', '2020-06-28'),
('BESTEL1205', 'KL1129', '2020-06-28'),
('BESTEL1206', 'KL1083', '2020-06-28'),
('BESTEL1207', 'KL1121', '2020-06-28'),
('BESTEL1208', 'KL1164', '2020-06-29'),
('BESTEL1209', 'KL1172', '2020-06-29'),
('BESTEL1210', 'KL1100', '2020-06-29'),
('BESTEL1211', 'KL1032', '2020-06-29'),
('BESTEL1212', 'KL1109', '2020-06-29'),
('BESTEL1213', 'KL1133', '2020-06-29'),
('BESTEL1214', 'KL1034', '2020-06-29'),
('BESTEL1215', 'KL1167', '2020-06-29'),
('BESTEL1216', 'KL1016', '2020-06-29'),
('BESTEL1217', 'KL1046', '2020-06-30'),
('BESTEL1218', 'KL1052', '2020-06-30'),
('BESTEL1219', 'KL1029', '2020-06-30'),
('BESTEL1220', 'KL1032', '2020-06-30'),
('BESTEL1221', 'KL1010', '2020-07-01'),
('BESTEL1222', 'KL1130', '2020-07-01'),
('BESTEL1223', 'KL1007', '2020-07-01'),
('BESTEL1224', 'KL1009', '2020-07-02'),
('BESTEL1225', 'KL1102', '2020-07-02'),
('BESTEL1226', 'KL1182', '2020-07-02'),
('BESTEL1227', 'KL1005', '2020-07-02'),
('BESTEL1228', 'KL1081', '2020-07-03'),
('BESTEL1229', 'KL1057', '2020-07-03'),
('BESTEL1230', 'KL1167', '2020-07-04'),
('BESTEL1231', 'KL1157', '2020-07-04'),
('BESTEL1232', 'KL1104', '2020-07-04'),
('BESTEL1233', 'KL1012', '2020-07-04'),
('BESTEL1234', 'KL1019', '2020-07-04'),
('BESTEL1235', 'KL1170', '2020-07-04'),
('BESTEL1236', 'KL1049', '2020-07-04'),
('BESTEL1237', 'KL1002', '2020-07-04'),
('BESTEL1238', 'KL1008', '2020-07-04'),
('BESTEL1239', 'KL1125', '2020-07-05'),
('BESTEL1240', 'KL1168', '2020-07-05'),
('BESTEL1241', 'KL1026', '2020-07-05'),
('BESTEL1242', 'KL1095', '2020-07-06'),
('BESTEL1243', 'KL1166', '2020-07-06'),
('BESTEL1244', 'KL1134', '2020-07-06'),
('BESTEL1245', 'KL1045', '2020-07-06'),
('BESTEL1246', 'KL1078', '2020-07-07'),
('BESTEL1247', 'KL1056', '2020-07-07'),
('BESTEL1248', 'KL1120', '2020-07-07'),
('BESTEL1249', 'KL1089', '2020-07-07'),
('BESTEL1250', 'KL1047', '2020-07-07'),
('BESTEL1251', 'KL1076', '2020-07-08'),
('BESTEL1252', 'KL1191', '2020-07-08'),
('BESTEL1253', 'KL1014', '2020-07-08'),
('BESTEL1254', 'KL1176', '2020-07-08'),
('BESTEL1255', 'KL1157', '2020-07-08'),
('BESTEL1256', 'KL1115', '2020-07-08'),
('BESTEL1257', 'KL1153', '2020-07-08'),
('BESTEL1258', 'KL1047', '2020-07-08'),
('BESTEL1259', 'KL1142', '2020-07-09'),
('BESTEL1260', 'KL1027', '2020-07-09'),
('BESTEL1261', 'KL1153', '2020-07-09'),
('BESTEL1262', 'KL1107', '2020-07-09'),
('BESTEL1263', 'KL1015', '2020-07-09'),
('BESTEL1264', 'KL1035', '2020-07-09'),
('BESTEL1265', 'KL1054', '2020-07-09'),
('BESTEL1266', 'KL1139', '2020-07-09'),
('BESTEL1267', 'KL1182', '2020-07-10'),
('BESTEL1268', 'KL1009', '2020-07-10'),
('BESTEL1269', 'KL1155', '2020-07-10'),
('BESTEL1270', 'KL1143', '2020-07-10'),
('BESTEL1271', 'KL1088', '2020-07-10'),
('BESTEL1272', 'KL1063', '2020-07-10'),
('BESTEL1273', 'KL1160', '2020-07-10'),
('BESTEL1274', 'KL1020', '2020-07-10'),
('BESTEL1275', 'KL1014', '2020-07-10'),
('BESTEL1276', 'KL1004', '2020-07-11'),
('BESTEL1277', 'KL1057', '2020-07-11'),
('BESTEL1278', 'KL1110', '2020-07-11'),
('BESTEL1279', 'KL1032', '2020-07-11'),
('BESTEL1280', 'KL1035', '2020-07-11'),
('BESTEL1281', 'KL1081', '2020-07-11'),
('BESTEL1282', 'KL1076', '2020-07-11'),
('BESTEL1283', 'KL1075', '2020-07-12'),
('BESTEL1284', 'KL1046', '2020-07-12'),
('BESTEL1285', 'KL1178', '2020-07-12'),
('BESTEL1286', 'KL1186', '2020-07-12'),
('BESTEL1287', 'KL1055', '2020-07-12'),
('BESTEL1288', 'KL1017', '2020-07-12'),
('BESTEL1289', 'KL1053', '2020-07-12'),
('BESTEL1290', 'KL1070', '2020-07-12'),
('BESTEL1291', 'KL1054', '2020-07-12'),
('BESTEL1292', 'KL1123', '2020-07-12'),
('BESTEL1293', 'KL1044', '2020-07-13'),
('BESTEL1294', 'KL1005', '2020-07-13'),
('BESTEL1295', 'KL1167', '2020-07-13'),
('BESTEL1296', 'KL1035', '2020-07-13'),
('BESTEL1297', 'KL1141', '2020-07-13'),
('BESTEL1298', 'KL1038', '2020-07-13'),
('BESTEL1299', 'KL1182', '2020-07-13'),
('BESTEL1300', 'KL1125', '2020-07-13'),
('BESTEL1301', 'KL1180', '2020-07-13'),
('BESTEL1302', 'KL1147', '2020-07-14'),
('BESTEL1303', 'KL1179', '2020-07-14'),
('BESTEL1304', 'KL1195', '2020-07-14'),
('BESTEL1305', 'KL1126', '2020-07-14'),
('BESTEL1306', 'KL1059', '2020-07-14'),
('BESTEL1307', 'KL1056', '2020-07-14'),
('BESTEL1308', 'KL1193', '2020-07-14'),
('BESTEL1309', 'KL1060', '2020-07-14'),
('BESTEL1310', 'KL1017', '2020-07-14'),
('BESTEL1311', 'KL1039', '2020-07-15'),
('BESTEL1312', 'KL1107', '2020-07-15'),
('BESTEL1313', 'KL1004', '2020-07-15'),
('BESTEL1314', 'KL1066', '2020-07-16'),
('BESTEL1315', 'KL1065', '2020-07-16'),
('BESTEL1316', 'KL1112', '2020-07-17'),
('BESTEL1317', 'KL1036', '2020-07-17'),
('BESTEL1318', 'KL1057', '2020-07-17'),
('BESTEL1319', 'KL1052', '2020-07-17'),
('BESTEL1320', 'KL1149', '2020-07-17'),
('BESTEL1321', 'KL1090', '2020-07-17'),
('BESTEL1322', 'KL1135', '2020-07-18'),
('BESTEL1323', 'KL1085', '2020-07-18'),
('BESTEL1324', 'KL1036', '2020-07-18'),
('BESTEL1325', 'KL1022', '2020-07-18'),
('BESTEL1326', 'KL1095', '2020-07-18'),
('BESTEL1327', 'KL1038', '2020-07-18'),
('BESTEL1328', 'KL1002', '2020-07-18'),
('BESTEL1329', 'KL1179', '2020-07-18'),
('BESTEL1330', 'KL1026', '2020-07-19'),
('BESTEL1331', 'KL1165', '2020-07-19'),
('BESTEL1332', 'KL1078', '2020-07-19'),
('BESTEL1333', 'KL1052', '2020-07-19'),
('BESTEL1334', 'KL1173', '2020-07-19'),
('BESTEL1335', 'KL1134', '2020-07-20'),
('BESTEL1336', 'KL1177', '2020-07-20'),
('BESTEL1337', 'KL1190', '2020-07-20'),
('BESTEL1338', 'KL1104', '2020-07-20'),
('BESTEL1339', 'KL1177', '2020-07-21'),
('BESTEL1340', 'KL1094', '2020-07-21'),
('BESTEL1341', 'KL1114', '2020-07-21'),
('BESTEL1342', 'KL1144', '2020-07-21'),
('BESTEL1343', 'KL1161', '2020-07-22'),
('BESTEL1344', 'KL1093', '2020-07-22'),
('BESTEL1345', 'KL1179', '2020-07-22'),
('BESTEL1346', 'KL1148', '2020-07-22'),
('BESTEL1347', 'KL1041', '2020-07-22'),
('BESTEL1348', 'KL1061', '2020-07-23'),
('BESTEL1349', 'KL1177', '2020-07-23'),
('BESTEL1350', 'KL1126', '2020-07-23'),
('BESTEL1351', 'KL1147', '2020-07-23'),
('BESTEL1352', 'KL1076', '2020-07-23'),
('BESTEL1353', 'KL1149', '2020-07-23'),
('BESTEL1354', 'KL1059', '2020-07-23'),
('BESTEL1355', 'KL1165', '2020-07-23'),
('BESTEL1356', 'KL1180', '2020-07-24'),
('BESTEL1357', 'KL1178', '2020-07-25'),
('BESTEL1358', 'KL1115', '2020-07-25'),
('BESTEL1359', 'KL1175', '2020-07-25'),
('BESTEL1360', 'KL1197', '2020-07-25'),
('BESTEL1361', 'KL1061', '2020-07-25'),
('BESTEL1362', 'KL1191', '2020-07-25'),
('BESTEL1363', 'KL1008', '2020-07-25'),
('BESTEL1364', 'KL1138', '2020-07-25'),
('BESTEL1365', 'KL1114', '2020-07-25'),
('BESTEL1366', 'KL1039', '2020-07-25'),
('BESTEL1367', 'KL1005', '2020-07-26'),
('BESTEL1368', 'KL1014', '2020-07-26'),
('BESTEL1369', 'KL1153', '2020-07-26'),
('BESTEL1370', 'KL1150', '2020-07-26'),
('BESTEL1371', 'KL1124', '2020-07-26'),
('BESTEL1372', 'KL1092', '2020-07-27'),
('BESTEL1373', 'KL1031', '2020-07-27'),
('BESTEL1374', 'KL1155', '2020-07-27'),
('BESTEL1375', 'KL1111', '2020-07-27'),
('BESTEL1376', 'KL1056', '2020-07-27'),
('BESTEL1377', 'KL1186', '2020-07-28'),
('BESTEL1378', 'KL1120', '2020-07-28'),
('BESTEL1379', 'KL1056', '2020-07-28'),
('BESTEL1380', 'KL1024', '2020-07-28'),
('BESTEL1381', 'KL1196', '2020-07-28'),
('BESTEL1382', 'KL1113', '2020-07-28'),
('BESTEL1383', 'KL1187', '2020-07-28'),
('BESTEL1384', 'KL1085', '2020-07-28'),
('BESTEL1385', 'KL1049', '2020-07-29'),
('BESTEL1386', 'KL1050', '2020-07-29'),
('BESTEL1387', 'KL1109', '2020-07-29'),
('BESTEL1388', 'KL1170', '2020-07-29'),
('BESTEL1389', 'KL1066', '2020-07-29'),
('BESTEL1390', 'KL1089', '2020-07-30'),
('BESTEL1391', 'KL1093', '2020-07-30'),
('BESTEL1392', 'KL1140', '2020-07-30'),
('BESTEL1393', 'KL1018', '2020-07-30'),
('BESTEL1394', 'KL1081', '2020-07-30'),
('BESTEL1395', 'KL1149', '2020-07-30'),
('BESTEL1396', 'KL1141', '2020-07-30'),
('BESTEL1397', 'KL1028', '2020-07-30'),
('BESTEL1398', 'KL1196', '2020-07-30'),
('BESTEL1399', 'KL1172', '2020-07-30'),
('BESTEL1400', 'KL1020', '2020-07-30'),
('BESTEL1401', 'KL1146', '2020-07-31'),
('BESTEL1402', 'KL1054', '2020-07-31'),
('BESTEL1403', 'KL1162', '2020-07-31'),
('BESTEL1404', 'KL1120', '2020-07-31'),
('BESTEL1405', 'KL1129', '2020-07-31'),
('BESTEL1406', 'KL1088', '2020-07-31'),
('BESTEL1407', 'KL1039', '2020-08-01'),
('BESTEL1408', 'KL1167', '2020-08-01'),
('BESTEL1409', 'KL1104', '2020-08-01'),
('BESTEL1410', 'KL1007', '2020-08-01'),
('BESTEL1411', 'KL1133', '2020-08-01'),
('BESTEL1412', 'KL1132', '2020-08-01'),
('BESTEL1413', 'KL1014', '2020-08-01'),
('BESTEL1414', 'KL1052', '2020-08-01'),
('BESTEL1415', 'KL1125', '2020-08-01'),
('BESTEL1416', 'KL1016', '2020-08-01'),
('BESTEL1417', 'KL1086', '2020-08-02'),
('BESTEL1418', 'KL1147', '2020-08-02'),
('BESTEL1419', 'KL1056', '2020-08-02'),
('BESTEL1420', 'KL1069', '2020-08-02'),
('BESTEL1421', 'KL1042', '2020-08-03'),
('BESTEL1422', 'KL1160', '2020-08-03'),
('BESTEL1423', 'KL1086', '2020-08-03'),
('BESTEL1424', 'KL1053', '2020-08-03'),
('BESTEL1425', 'KL1074', '2020-08-03'),
('BESTEL1426', 'KL1103', '2020-08-03'),
('BESTEL1427', 'KL1109', '2020-08-03'),
('BESTEL1428', 'KL1113', '2020-08-03'),
('BESTEL1429', 'KL1073', '2020-08-03'),
('BESTEL1430', 'KL1120', '2020-08-04'),
('BESTEL1431', 'KL1084', '2020-08-04'),
('BESTEL1432', 'KL1135', '2020-08-04'),
('BESTEL1433', 'KL1083', '2020-08-04'),
('BESTEL1434', 'KL1019', '2020-08-04'),
('BESTEL1435', 'KL1102', '2020-08-05'),
('BESTEL1436', 'KL1051', '2020-08-05'),
('BESTEL1437', 'KL1131', '2020-08-05'),
('BESTEL1438', 'KL1031', '2020-08-05'),
('BESTEL1439', 'KL1063', '2020-08-06'),
('BESTEL1440', 'KL1103', '2020-08-06'),
('BESTEL1441', 'KL1058', '2020-08-06'),
('BESTEL1442', 'KL1113', '2020-08-06'),
('BESTEL1443', 'KL1193', '2020-08-06'),
('BESTEL1444', 'KL1139', '2020-08-06'),
('BESTEL1445', 'KL1174', '2020-08-06'),
('BESTEL1446', 'KL1157', '2020-08-06'),
('BESTEL1447', 'KL1066', '2020-08-06'),
('BESTEL1448', 'KL1160', '2020-08-07'),
('BESTEL1449', 'KL1190', '2020-08-07'),
('BESTEL1450', 'KL1142', '2020-08-07'),
('BESTEL1451', 'KL1095', '2020-08-07'),
('BESTEL1452', 'KL1028', '2020-08-07'),
('BESTEL1453', 'KL1045', '2020-08-07'),
('BESTEL1454', 'KL1104', '2020-08-07'),
('BESTEL1455', 'KL1052', '2020-08-08'),
('BESTEL1456', 'KL1107', '2020-08-08'),
('BESTEL1457', 'KL1140', '2020-08-08'),
('BESTEL1458', 'KL1057', '2020-08-08'),
('BESTEL1459', 'KL1157', '2020-08-08'),
('BESTEL1460', 'KL1145', '2020-08-09'),
('BESTEL1461', 'KL1066', '2020-08-09'),
('BESTEL1462', 'KL1013', '2020-08-09'),
('BESTEL1463', 'KL1135', '2020-08-09'),
('BESTEL1464', 'KL1174', '2020-08-09'),
('BESTEL1465', 'KL1003', '2020-08-09'),
('BESTEL1466', 'KL1070', '2020-08-09'),
('BESTEL1467', 'KL1017', '2020-08-10'),
('BESTEL1468', 'KL1124', '2020-08-10'),
('BESTEL1469', 'KL1176', '2020-08-10'),
('BESTEL1470', 'KL1023', '2020-08-10'),
('BESTEL1471', 'KL1113', '2020-08-10'),
('BESTEL1472', 'KL1031', '2020-08-11'),
('BESTEL1473', 'KL1079', '2020-08-11'),
('BESTEL1474', 'KL1007', '2020-08-11'),
('BESTEL1475', 'KL1173', '2020-08-11'),
('BESTEL1476', 'KL1156', '2020-08-11'),
('BESTEL1477', 'KL1122', '2020-08-11'),
('BESTEL1478', 'KL1164', '2020-08-11'),
('BESTEL1479', 'KL1081', '2020-08-12'),
('BESTEL1480', 'KL1140', '2020-08-12'),
('BESTEL1481', 'KL1045', '2020-08-12'),
('BESTEL1482', 'KL1089', '2020-08-13'),
('BESTEL1483', 'KL1003', '2020-08-13'),
('BESTEL1484', 'KL1111', '2020-08-13'),
('BESTEL1485', 'KL1072', '2020-08-13'),
('BESTEL1486', 'KL1145', '2020-08-13'),
('BESTEL1487', 'KL1020', '2020-08-13'),
('BESTEL1488', 'KL1126', '2020-08-13'),
('BESTEL1489', 'KL1172', '2020-08-14'),
('BESTEL1490', 'KL1035', '2020-08-14'),
('BESTEL1491', 'KL1074', '2020-08-14'),
('BESTEL1492', 'KL1182', '2020-08-14'),
('BESTEL1493', 'KL1039', '2020-08-14');

-- --------------------------------------------------------

--
-- Tabelstructuur voor tabel `tblcategorie`
--

CREATE TABLE `tblcategorie` (
  `CatID` varchar(6) NOT NULL DEFAULT '',
  `CatType` varchar(5) DEFAULT NULL,
  `Categorie` varchar(11) DEFAULT NULL,
  `Subcat` varchar(21) DEFAULT NULL,
  `Omschrijving` mediumtext DEFAULT NULL
) ENGINE=InnoDB DEFAULT CHARSET=utf8;

--
-- Gegevens worden geëxporteerd voor tabel `tblcategorie`
--

INSERT INTO `tblcategorie` (`CatID`, `CatType`, `Categorie`, `Subcat`, `Omschrijving`) VALUES
('CAT301', 'hoofd', 'Sneakers', '', 'Damessneakers - nu ook op Zalando.be! Sneakers voor dames zijn sportieve damesschoenen, die bij elke outfit een zekere luchtigheid scheppen en u in het dagelijkse leven een extra portie energie geven. Een ware opluchting is het wandelen op sneakers voor dames als u even uw hakken opzij wil leggen plus dat het een stoere twist geeft aan uw outfit - een paar van de vele redenen waarom sneakers voor damesbeslist niet in uw schoenenkast mogen ontbreken. Van stille tot luide kleuren als wit zwart, rood, blauw, mix van kleuren of een mooi model voorzien van een vrolijke print en meer om uit te kiezen! Natuurlijk zijn ook niet de modellen allemaal hetzelfde, bekijk onze hoge-, lage- en skateschoenen vandaag nog online op Zalando.be. Maar ook de klassieke modellen in stille kleuren maken van de sneakers voor dames een ideale schoen voor de ontspannen kantoordagen. Op Zalando.be kunt u online diverse trendy modellen voor dames kopen. In ons online assortiment vindt u voor elke dag en iedere gelegenheid beslist het passend model damessneakers. Deze schoenen zijn een prachtig alternatief voor de normale lage schoen. Met haar ongedwongen design pept u elke outfit op. Draag uwsneakers voor damesbijvoorbeeld onder een mooie jeans, een uni-kleurig shirt en een elegante blazer.'),
('CAT302', 'sub', 'Sneakers', 'Lage sneakers', 'Lage sneakers kunnen voor iedereen voor zowel mannen en vrouwen als kinderen. Het minste worden deze schoenen door vrouwen gedragen, wat niet wil zeggen dat vrouwen ze helemaal niet dragen. Vrouwen dragen lage sneakers meestal in de vakantie onder een shortmet een shirt erboven. Mannen daarentegen dragen lage sneakers vaak onder een spijkerbroek of een chino in hun vrije tijd. Voor kinderen kunnen lage sneakers eigenlijk overal bij. Lage sneakers onder een broekje of rokje staat toch ontzettend schattig? U kunt lage sneakers in verschillende kleuren en motieven kopen. Alle bekende en wat minder bekende sportmerken hebben wel lage sneakers in hun collectie. Wat uw budget ook is, deze sneakers hoeven geen aanslag op uw portemonnee te betekenen.'),
('CAT303', 'sub', 'Sneakers', 'Hoge sneakers', 'Hoge sneakers - De tijd waarinsportschoenen alleen tijdens de gymnastiekles werden gedragen is al lang voorbij. Sneakers zijn er tegenwoordig in alle soorten, kleuren en maten. Helemaal van deze tijd zijn hoge sneakers, die ook wel \'high cut\' worden genoemd. Door de enkelhoge pasvorm geven deze sneakers net iets meer steun, waardoor ze comfortabel zitten. Hoge sneakers passen helemaal in een casual look, terwijl ze aan een wat klassiekere stijl juist een beetje speelsheid geven. U kan ze dragen onder uw spijkerbroek of skinny jeans, maar ook onder een vlot jurkjeof juist een chique broekpak maken ze uw outfit helemaal af. En als u u afvraagt welke kleurhoge sneakers u zou moeten kopen: alles kan! Zwart en bruin passen overal bij, maar felle kleuren zijn worden gezien als gedurfd en minstens zo hip!'),
('CAT401', 'hoofd', 'Pumps', '', 'Geen ware fashionista zonder een paar pumps in je schoenenkast. Wie gek is op mode, is gek op schoenen in alle kleuren, materialen en modellen. Want zonder een leuk paar aan je voeten is je outfit nooit compleet. Schoenen geven de finishing touch en die is belangrijker dan je zou verwachten. Elegante vrouwen met een sterk modegevoel weten het al, pumps mogen niet ontbreken in je garderobe. Ze passen bij elk seizoen en elke gelegenheid én je vindt ze in de meest fantastische variaties en uitvoeringen. High Heels die je benen langer doen lijken en bijgevolg een sexy uitstraling garanderen, sleehakken wanneer je in de winter toch een stevige tred wilt behouden of een subtiel hakje voor de beginnende fashion girls. Met name de High Heels in felle kleuren zorgen voor een echte blikvanger en bepalen je hele look. Kies je bijvoorbeeld voor zilver- of goudkleurige exemplaren dan waan je jezelf op de catwalk of in Hollywood tussen de sterren. Bij Zalando staan ze alvast op de bovenste plank, samen met de andere hedendaagse en trendy schoenen.'),
('CAT402', 'sub', 'Pumps', 'Peeptoes', 'Peeptoes - Iedere vrouw verwent zichzelf graag met een paar nieuwe schoenen. Wat zeker niet in uw kledingkast mag ontbreken is een paar mooie peeptoes. Dit zijn elegante pumps of ballerina\'s met een kleine opening aan de voorkant. Dit verklaart gelijk de naam van deze elegante schoenen, want door de opening piepen net uw tenen naar buiten. Wanneer het zonnetje schijnt maken peeptoes uw outfit helemaal af. U draagt ze onder een mooie skinny jeans, een zwierig rokje of een elegant jurkje. Pas uw nagellak aan op de kleur van uw peeptoes en kom stijlvol voor de dag. Ze kunnen natuurlijk ook in de winter gedragen worden, onder een mooie galajurk of andere feestelijke outfit. Met een doorzichtige panty, een panty zonder voeten of gewoon met blote benen ziet u er onberispelijk uit. Om uw chique outfit af te maken, kunt u er wellicht een geweldige tas bij dragen.'),
('CAT403', 'sub', 'Pumps', 'Klassieke pumps', 'Klassieke pumps zijn perfect wanneer u er voor een speciale gelegenheid graag chique uit wilt zien. Zeker door klassieke pumps te combineren met een klassieke jurk of rok ziet u er als een plaatje uit! Maar natuurlijk zijn klassieke pumps ook prima te dragen op normale dagen. Door ze te combineren met andere soorten kleding kan u zelf voor een verrassende combinatie zorgen. Klassieke pumps kenmerken zich door hun elegante look, ze zien er dan ook erg stijlvol uit. Er zijn verschillende soortenklassieke pumps, waarbij vooral de hoogte en vorm van de hak varieert. Zo zijn er klassieke pumps met een hoge of lage hak, en met een naald-, blok- of sleehak. Hierdoor valt er op het gebied van klassieke pumps meer dan genoeg te kiezen.'),
('CAT404', 'sub', 'Pumps', 'Sleehakken', 'Sleehakken - zijn echt weer helemaal hip! Jarenlang werden ze vergeten. Maar ze zijn weer helemaal terug! U kunt ze overal bij dragen. Of u ze nu combineert met een broek of een rok , een sleehak is altijd welkom! Sleehakkenzijn veel meer stabieler ten opzichte van pumps en daarom comfortabeler. Net als bij pumps krijgt u, door de hogere hak, een mooier silhouet. Twijfelt u nog tussen een pump en een sleehak? U wilt comfortabele schoenen, en er toch vrouwelijk en elegant uitzien, dan zijn sleehakken de ultieme tussenweg voor u! Kies voor gemak en stijl en schaf direct een paar sleehakken aan. U zult zelfverzekerder over straat lopen als u sleehakkenaan hebt. Sleehakken zijn er in open en in dichte modellen. U kunt ze tevens in allerlei soorten kleuren krijgen. Bent u een zelfverzekerde en modebewuste vrouw? Dan kunnen sleehakken echt niet meer in uw schoenenkast ontbreken!'),
('CAT501', 'hoofd', 'Ballerina\'s', '', 'Ballerina\'s - Geen damesgarderobe is compleet zonder een paar trendy ballerina\'s. Deze schoenen zijn de perfecte accessoire voor aan de voet. Ballerina\'s zijn uitgevoerd in allerlei kleuren en de collectie bevat verschillende stijlen. Iedere vrouw kan met een paar muisklikken haar ideale paar ballerina\'s vinden op Zalando.be. Om het vinden van uw favoriete ballerina\'s wat eenvoudiger te maken hebben wij een aantal filterfuncties geļmplementeerd in onze webshop. U kunt bijvoorbeeld zoeken naar een specifieke kleur, prijs, merk of maat. De oorsprong van ballerina\'s ligt bij de balletschoen. Aangezien deze zo comfortabel en luchtig aan de voeten zaten is de balletschoen geėvolueerd naar de ballerina. Dit model kan men met verschillende outfits combineren, en past bij verschillende gelegenheden. Of u nu naar een bruiloft gaat of een dagje naar het strand, met ballerina\'s bent u nooit over-, of underdressed. Net als pumpsen sandalen zijn ballerina\'s de ideale zomerschoenen. De stijlen van de ballerina\'s op Zalando variėren ontzettend. Er zijn modellen met een ronde neus, spitse neus, klassiek afgewerkt met strikjes of heel eenvoudig afgewerkt. Kortom iedere vrouw zou een paar van deze veelzijdige schoenen in haar kast moeten hebben. Aarzel niet meer en bestel nu uw favoriete paar ballerina\'s op Zalando.be!'),
('CAT502', 'sub', 'Ballerina\'s', 'Klassieke ballerina\'s', 'Klassieke ballerina\'s zijn, de naam zegt het al, die stijlvolle en klassieke schoentjes waarvan iedere modebewuste vrouw er wel een paar in haar kast heeft. Ze zijn handig, omdat ze bij verschillende outfits passen en deze aanvullen. Daarnaast zijn ze in verschillende stijlen te verkrijgen. Van echt klassiek tot sportief en alles daar tussenin; speels, vrolijk, netjes, casual.Klassieke ballerina\'s zijn er van katoen of satijn en van leer. Er zijn stevige stappers met een riempje over de wreef of juist delicate schoentjes die zo leuk staan onder een rok. Omdat de basisvorm zo universeel is, gaan ze eigenlijk nooit uit de mode. Veel vrouwen die van glamour houden dragen ze om het understatement-effect dat ze hebben. Daarom ontbreken ze nooit in de garderobe van de fashion-loving hedendaagse vrouw. Klassieke ballerina´s zijn trouwens steeds gemakkelijk te combineren onder een jeans, rok of een leuk jurkje.'),
('CAT503', 'sub', 'Ballerina\'s', 'Vouwbare ballerina\'s', 'Verschillende merken hebben vouwbare ballerina\'s in de collectie. Vandaar dat de prijs voor een paar vouwbare ballerina\'s uiteenloopt van enkele tot wel honderden euro\'s. Deze schoenen draagt u het meeste in de vrije tijd. Onder een leuke rok of eenjeans. Deze schoenen zijn heel gemakkelijk en u kunt ze ook heel eenvoudig meenemen op vakantie in de koffer. Ze nemen niet veel ruimte in beslag en u kunt ze ook nog eens dubbelvouwen, mocht dit nodig zijn. De vouwbare ballerina\'szijn er in verschillende kleuren en designs. Zo kunt u gaan voor een effen kleur, maar u hebt ze ook met stipjes of streepjes. De vouwbare ballerina\'s zijn heel erg hip de aankomende zomer. Wilt u graag met de mode meelopen, dan kan een paar in uw schoenencollectie niet ontbreken.'),
('CAT504', 'sub', 'Ballerina\'s', 'Peeptoe ballerina\'s', 'De ideale zomerschoen voor elke vrouw die er elegant uit wil zien, maar tegelijkertijd een comfortabele schoen wil dragen. De peeptoe ballerina\'szijn er in alle stijlen, kleuren, designs, merken en materialen. Zo kan u ze dragen onder een zakelijke outfit, maar ook onder een zomerjurk of rok. Kies bijvoorbeeld voor een roze gebloemde ballerina van kunstof of een chique zwarte gemaakt van leer. Door de opening bij de teen klemt de schoen niet en geeft het wat ademruimte voor de tenen. Kortom, de peeptoe ballerina is de ideale zomerschoen. Is het niet fijn om een aantal verschillende types ballerina\'s te bezitten? Hoe vervelend is het, wanneer de zon schijnt en u niet de juiste schoenen kunt vinden voor bij uw nieuwe zomer outfit?');

-- --------------------------------------------------------

--
-- Tabelstructuur voor tabel `tblklanten`
--

CREATE TABLE `tblklanten` (
  `KlantID` varchar(6) NOT NULL DEFAULT '',
  `Familienaam` varchar(15) DEFAULT NULL,
  `Voornaam` varchar(9) DEFAULT NULL,
  `Geslacht` varchar(1) DEFAULT NULL,
  `Wachtwoord` varchar(10) NOT NULL DEFAULT '',
  `Email` varchar(32) DEFAULT NULL,
  `Adres` varchar(33) DEFAULT NULL,
  `Postcode` int(4) DEFAULT NULL,
  `Gemeente` varchar(24) DEFAULT NULL,
  `Telefoon` varchar(13) DEFAULT NULL,
  `Geboortedatum` date DEFAULT NULL
) ENGINE=InnoDB DEFAULT CHARSET=utf8;

--
-- Gegevens worden geëxporteerd voor tabel `tblklanten`
--

INSERT INTO `tblklanten` (`KlantID`, `Familienaam`, `Voornaam`, `Geslacht`, `Wachtwoord`, `Email`, `Adres`, `Postcode`, `Gemeente`, `Telefoon`, `Geboortedatum`) VALUES
('KL1001', 'Rijspoort', 'Joke', 'V', 'EzNNBr', 'joke.rijspoort@advalvas.be', 'Langveld 115', 8490, 'Stalhille', '0496 45 84 63', '1987-11-27'),
('KL1002', 'Goetshouwers', 'Laurence', 'V', 'PqEKmg', 'laurence.goetshouwers@pandora.be', 'Bouwkunststraat 93', 9680, 'Maarkedal', '0496 48 35 28', '1991-07-29'),
('KL1003', 'Salenbien', 'Elise', 'V', 'ZBruJ8', 'elise.salenbien@skynet.be', 'Statielei 104', 8600, 'Leke', '0496 62 98 38', '1997-08-06'),
('KL1004', 'Slosse', 'Sanne', 'V', 'gfp77F', 'sanne.slosse@advalvas.be', 'Bouwkunststraat 121', 9771, 'Nokere', '0496 70 65 42', '1995-11-24'),
('KL1005', 'De Saegher', 'Anna', 'V', '2ryKCE', 'anna.desaegher@advalvas.be', 'Leuvenselaan 25', 9080, 'Lochristi', '0475 25 87 99', '1980-04-11'),
('KL1006', 'Tommelin', 'Kaat', 'V', 'jQbpSG', 'kaat.tommelin@pandora.be', 'Adriaan Brouwerstraat 52', 8650, 'Merkem', '0475 91 69 83', '1999-07-26'),
('KL1007', 'Pil', 'Emma', 'V', 'gm6ue3', 'emma.pil@skynet.be', 'Goudenregenlaan 45', 9420, 'Erpe-Mere', '0475 40 40 35', '1999-01-16'),
('KL1008', 'Vergheelsuene', 'Elien', 'V', 'kRdg8j', 'elien.vergheelsuene@pandora.be', 'Atomiumlaan 102', 8480, 'Bekegem', '0478 97 29 56', '2000-02-08'),
('KL1009', 'Percy', 'Lucie', 'V', 'iS67wE', 'lucie.percy@skynet.be', 'Van Marsenillestraat 35', 8647, 'Lo-Reninge', '0482 25 62 70', '1997-04-07'),
('KL1010', 'Dedeene', 'Stien', 'V', 'eHnATV', 'stien.dedeene@pandora.be', 'Jodenbeempdstraat 1', 9420, 'Erondegem', '0482 35 32 98', '1985-08-09'),
('KL1011', 'Candaele', 'Margot', 'V', 'kFPd87', 'margot.candaele@skynet.be', 'Hendrik Van Veldekestraat 67', 9340, 'Smetlede', '0496 47 65 44', '1989-07-08'),
('KL1012', 'Denoyelle', 'Julie', 'V', 'gzUXCj', 'julie.denoyelle@online.be', 'Amerikadok 124', 9790, 'Petegem-aan-de-Schelde', '0496 98 13 32', '1988-05-05'),
('KL1013', 'Dequidt', 'Julie', 'V', 'jVc1pB', 'julie.dequidt@online.be', 'Zirkstraat 94', 8434, 'Lombardsijde', '0478 10 60 87', '1992-01-03'),
('KL1014', 'De Breuck', 'Inaya', 'V', 'nSpzJd', 'inaya.debreuck@advalvas.be', 'Vosstraat 30', 8552, 'Moen', '0478 19 29 83', '1997-01-27'),
('KL1015', 'Van Kerckhoven', 'Michelle', 'V', 'n9WNXD', 'michelle.vankerckhoven@online.be', 'Van de Weyngaertlei 132', 9150, 'Bazel', '0482 41 42 34', '1996-04-12'),
('KL1016', 'Van Praet', 'Alix', 'V', '5hquHH', 'alix.vanpraet@scarlet.be', 'Krokusstraat 135', 9860, 'Landskouter', '0496 15 44 79', '1985-08-06'),
('KL1017', 'Lucas', 'Axelle', 'V', 'cMwG6X', 'axelle.lucas@scarlet.be', 'Jules Moretuslei 37', 9310, 'Moorsel', '0476 24 55 83', '1997-07-01'),
('KL1018', 'Andel', 'Nore', 'V', 'zJRn8R', 'nore.andel@gmail.com', 'Zwedenstraat 96', 9700, 'Nederename', '0498 11 98 91', '1996-09-08'),
('KL1019', 'Leenaert', 'Stella', 'V', '9MMHXt', 'stella.leenaert@pandora.be', 'Glabbeeksestraat 134', 9150, 'Bazel', '0476 45 57 14', '1991-05-26'),
('KL1020', 'Ghys', 'Janne', 'V', 'wtWWJC', 'janne.ghys@pandora.be', 'Sint-Hymelienusstraat 11', 9406, 'Outer', '0476 28 72 40', '1992-10-15'),
('KL1021', 'Pattou', 'Margaux', 'V', 'xpmcZs', 'margaux.pattou@gmail.com', 'Museumstraat 68', 8720, 'Wakken', '0496 48 24 63', '1992-06-18'),
('KL1022', 'Tahon', 'Manon', 'V', 'cCTpf8', 'manon.tahon@advalvas.be', 'Boterveldweg 66', 9850, 'Hansbeke', '0482 27 92 66', '1998-11-11'),
('KL1023', 'Vallee', 'Inaya', 'V', 'Q3AEVf', 'inaya.vallee@skynet.be', 'Sparrenstraat 135', 8570, 'Ingooigem', '0478 21 67 72', '1987-12-25'),
('KL1024', 'Cauberg', 'Merel', 'V', 'qj9Yvd', 'merel.cauberg@scarlet.be', 'Lange Zavelstraat 71', 9040, 'Sint-Amandsberg (Gent)', '0496 90 75 18', '1988-02-26'),
('KL1025', 'Snick', 'Charlotte', 'V', '6sQqH3', 'charlotte.snick@online.be', 'Prins Leopoldstraat 148', 8890, 'Moorslede', '0498 63 99 30', '1996-06-03'),
('KL1026', 'Baeyen', 'Jana', 'V', 'DjCUa9', 'jana.baeyen@gmail.com', 'Kanunnik Peetersstraat 24', 9700, 'Oudenaarde', '0498 55 45 24', '1989-02-15'),
('KL1027', 'De Queker', 'Esther', 'V', 'KVuDXR', 'esther.dequeker@advalvas.be', 'Groendalstraat 96', 9660, 'Elst', '0482 89 28 39', '1990-10-17'),
('KL1028', 'Crop', 'Manon', 'V', 'hy6m6T', 'manon.crop@scarlet.be', 'Korte Scholiersstraat 112', 9520, 'Bavegem', '0498 22 85 20', '1987-12-11'),
('KL1029', 'Fockenberghe', 'Eline', 'V', '2UYPbe', 'eline.fockenberghe@pandora.be', 'Vuurkruisplein 45', 9988, 'Waterland-Oudeman', '0478 43 18 86', '1980-08-27'),
('KL1030', 'Cornette', 'Alice', 'V', 'C2A2g1', 'alice.cornette@online.be', 'Gerard Le Grellelaan 150', 8900, 'Brielen', '0478 55 79 98', '1995-07-24'),
('KL1031', 'Balliu', 'Zoé', 'V', 'rZCk4t', 'zoe.balliu@pandora.be', 'Lange Herentalsestraat 2', 8400, 'Oostende', '0478 89 63 53', '1993-02-28'),
('KL1032', 'Lemaire', 'Charlotte', 'V', 'gtaAYb', 'charlotte.lemaire@scarlet.be', 'Jos Craeybeckxlaan 137', 8953, 'Wijtschate', '0498 58 62 73', '1992-04-30'),
('KL1033', 'Buinkers', 'Fenna', 'V', 'AzdxtJ', 'fenna.buinkers@online.be', 'Reigersbosdreef 134', 9150, 'Rupelmonde', '0498 89 63 20', '1986-08-15'),
('KL1034', 'Verheye', 'Pauline', 'V', '4165Kv', 'pauline.verheye@pandora.be', 'Generaal Lemanstraat 36', 9790, 'Wortegem', '0475 30 48 79', '1991-07-21'),
('KL1035', 'Duyvers', 'Enora', 'V', 'ixjmU6', 'enora.duyvers@gmail.com', 'Tijl Uilenspiegellaan 104', 8600, 'Kaaskerke', '0496 81 99 43', '1991-11-18'),
('KL1036', 'Callier', 'Billie', 'V', 'ipUE1Q', 'billie.callier@advalvas.be', 'Corneel Vermijlenlaan 80', 8908, 'Vlamertinge', '0482 17 80 58', '1998-02-20'),
('KL1037', 'Trouget', 'Chloė', 'V', 'MrsCks', 'chloe.trouget@pandora.be', 'Solvynsstraat 104', 9630, 'Sint-Denijs-Boekel', '0475 97 32 58', '1995-09-14'),
('KL1038', 'Boers', 'Margot', 'V', 'u9myN1', 'margot.boers@advalvas.be', 'Moerelei 23', 9160, 'Lokeren', '0478 65 40 90', '1996-04-02'),
('KL1039', 'Denudt', 'Lieze', 'V', '9uK8Hj', 'lieze.denudt@pandora.be', 'Oudebaan 34', 8431, 'Wilskerke', '0475 23 60 37', '1997-07-12'),
('KL1040', 'Flou', 'Pauline', 'V', 'AKBXgF', 'pauline.flou@pandora.be', 'Kalkmarkt 53', 8490, 'Stalhille', '0482 55 12 31', '1989-03-25'),
('KL1041', 'Cardoen', 'Olivia', 'V', '9E2wHv', 'olivia.cardoen@skynet.be', 'Urbain Reniersstraat 23', 8970, 'Poperinge', '0498 70 97 87', '1992-11-10'),
('KL1042', 'Loosen', 'Hannah', 'V', 'h9eWvC', 'hannah.loosen@advalvas.be', 'Edenplein 80', 8377, 'Zuienkerke', '0482 91 11 45', '1998-03-05'),
('KL1043', 'Ghyselen', 'Eva', 'V', '9srQ8h', 'eva.ghyselen@advalvas.be', 'Armeduivelstraat 85', 8480, 'Eernegem', '0496 66 80 94', '1986-07-17'),
('KL1044', 'Metsu', 'Zoė', 'V', 'pqyvkq', 'zoe.metsu@advalvas.be', 'Lange Van Bloerstraat 47', 8433, 'Slijpe', '0498 45 29 33', '1999-01-03'),
('KL1045', 'Konings', 'Enora', 'V', '3DiMUM', 'enora.konings@online.be', 'Lavendelstraat 134', 9840, 'Zevergem', '0475 29 10 55', '1981-03-03'),
('KL1046', 'Coppenolle', 'Elize', 'V', 'cu1gn2', 'elize.coppenolle@pandora.be', 'Emiel Vanderveldestraat 58', 9120, 'Kallo (Beveren-Waas)', '0496 88 51 91', '1997-04-04'),
('KL1047', 'Le Roye', 'Rosie', 'V', 'fsxu4D', 'rosie.leroye@online.be', 'Bietenweg 87', 8647, 'Pollinkhove', '0475 30 17 12', '1989-10-15'),
('KL1048', 'Callewaert', 'Sarah', 'V', 'bN68dS', 'sarah.callewaert@gmail.com', 'Korte Scholiersstraat 7', 8587, 'Espierres', '0478 36 46 80', '1983-07-03'),
('KL1049', 'Van Oevelen', 'Elena', 'V', 'GD3MQk', 'elena.vanoevelen@online.be', 'Kleine Doornstraat 115', 8980, 'Zandvoorde (Zonnebeke)', '0475 14 31 91', '1995-07-02'),
('KL1050', 'Vendrix', 'Noor', 'V', 'i2veHw', 'noor.vendrix@gmail.com', 'Cockerillplaats 139', 9910, 'Ursel', '0498 56 75 59', '1987-06-05'),
('KL1051', 'Delbey', 'Lara', 'V', 'rS3S8P', 'lara.delbey@online.be', 'Huybrechtsstraat 108', 8720, 'Markegem', '0498 73 78 95', '1984-10-15'),
('KL1052', 'Lebbe', 'Elif', 'V', 'rx3QYD', 'elif.lebbe@skynet.be', 'Lijsterhof 125', 8710, 'Ooigem', '0476 54 73 67', '1985-05-03'),
('KL1053', 'Lefebvre', 'Maité', 'V', 'Rfti2B', 'maite.lefebvre@skynet.be', 'Herderstraat 111', 8870, 'Kachtem', '0475 89 74 74', '1985-11-08'),
('KL1054', 'Stangel', 'Lily', 'V', 'wbDEfk', 'lily.stangel@advalvas.be', 'Van Hersteenstraat 70', 9890, 'Vurste', '0496 63 60 92', '1980-05-27'),
('KL1055', 'Petyt', 'Inaya', 'V', 'xwdWvT', 'inaya.petyt@scarlet.be', 'Stedebouwlaan 46', 9790, 'Elsegem', '0475 97 20 21', '1992-06-30'),
('KL1056', 'Pinsoen', 'Estée', 'V', 'wFf9Fd', 'estee.pinsoen@pandora.be', 'Wapper 3', 9850, 'Nevele', '0498 85 74 89', '1999-05-06'),
('KL1057', 'Hoornaert', 'Maryam', 'V', '88XFh9', 'maryam.hoornaert@advalvas.be', 'Sommestraat 50', 8972, 'Proven', '0476 99 21 87', '1992-03-07'),
('KL1058', 'De Puyt', 'Marit', 'V', 'cVQz42', 'marit.depuyt@online.be', 'Anneessensstraat 138', 9310, 'Herdersem', '0498 29 40 69', '1991-04-19'),
('KL1059', 'Selos', 'Renée', 'V', 'rNrRQN', 'renee.selos@scarlet.be', 'Borgerhoutsestraat 73', 8690, 'Oeren', '0496 28 37 47', '1986-11-13'),
('KL1060', 'Roose', 'Zita', 'V', 'vMdRhy', 'zita.roose@gmail.com', 'Noorderlaan 77', 9100, 'Nieuwkerken-Waas', '0478 49 35 78', '1983-07-13'),
('KL1061', 'De Seyne', 'Marie-Lou', 'V', 'MmExHa', 'marie-lou.deseyne@gmail.com', 'Neerwindenstraat 117', 8000, 'Koolkerke', '0498 63 88 29', '1996-01-08'),
('KL1063', 'Boucquet', 'Maya', 'V', 'nNVrvb', 'maya.boucquet@gmail.com', 'Bokspane 13', 8890, 'Dadizele', '0498 63 65 93', '1992-09-24'),
('KL1065', 'Smets', 'Victoria', 'V', '8fprsk', 'victoria.smets@scarlet.be', 'Armeduivelstraat 96', 9200, 'Oudegem', '0498 75 46 91', '1990-06-23'),
('KL1066', 'Prevot', 'Jinte', 'V', 'tyKJAV', 'jinte.prevot@scarlet.be', 'Constitutiestraat 22', 9981, 'Sint-Margriete', '0476 92 52 48', '1989-08-10'),
('KL1067', 'Desramaudt', 'Sofie', 'V', 'S2yCfW', 'sofie.desramaudt@advalvas.be', 'Volkerenlaan 52', 8552, 'Moen', '0478 62 15 96', '1989-08-11'),
('KL1068', 'Beau', 'Sophie', 'V', 'RYX24r', 'sophie.beau@gmail.com', 'Louis Van Craenstraat 149', 9921, 'Vinderhoute', '0496 38 74 17', '1992-11-25'),
('KL1069', 'Van Loones', 'Amira', 'V', 'SEummq', 'amira.vanloones@skynet.be', 'Schalienstraat 111', 8510, 'Rollegem', '0475 96 38 92', '1989-08-23'),
('KL1070', 'Renart', 'Sophie', 'V', 'SVSk95', 'sophie.renart@advalvas.be', 'Weldadigheidstraat 79', 8980, 'Zandvoorde (Zonnebeke)', '0478 42 64 21', '1980-10-22'),
('KL1072', 'Mahieuw', 'Elien', 'V', '1k5uBg', 'elien.mahieuw@pandora.be', 'Justitiestraat 42', 9550, 'Sint-Antelinks', '0496 87 62 33', '1991-09-20'),
('KL1073', 'Colaert', 'Marie', 'V', 'CgFjfu', 'marie.colaert@pandora.be', 'Veurnekaai 35', 9660, 'Opbrakel', '0478 72 36 48', '1980-07-20'),
('KL1074', 'Robyn', 'Mirthe', 'V', 'b8du3e', 'mirthe.robyn@scarlet.be', 'Kastanjeboomplein 93', 8810, 'Lichtervelde', '0478 43 95 27', '1998-11-29'),
('KL1075', 'Madec', 'Hannelore', 'V', 'hTXGxg', 'hannelore.madec@advalvas.be', 'Papenkelderstraat 134', 8587, 'Spiere-Helkijn', '0476 19 39 96', '1988-11-25'),
('KL1076', 'Debril', 'Jolien', 'V', 'qC3un8', 'jolien.debril@pandora.be', 'Boudewijnsstraat 44', 9840, 'Zevergem', '0498 13 95 85', '1983-06-13'),
('KL1077', 'Degroote', 'Hannelore', 'V', 'kCcbgr', 'hannelore.degroote@scarlet.be', 'Valaardreef 67', 9630, 'Beerlegem', '0476 32 18 58', '1988-04-16'),
('KL1078', 'Brossard', 'Paulien', 'V', 'bXgQiT', 'paulien.brossard@scarlet.be', 'Lange Dijkstraat 3', 8904, 'Zuidschote', '0475 38 20 67', '1986-05-21'),
('KL1079', 'Plaet', 'Sterre', 'V', 'jgN2zC', 'sterre.plaet@scarlet.be', 'Vlijtstraat 58', 8500, 'Kortrijk', '0478 50 98 41', '1999-01-16'),
('KL1080', 'Tesin', 'Axelle', 'V', '8AXgEb', 'axelle.tesin@scarlet.be', 'Burgemeester Jozef Masureplein 27', 9050, 'Ledeberg (Gent)', '0496 34 49 22', '1998-09-07'),
('KL1081', 'Deramaudt', 'Amina', 'V', 'Bry2qB', 'amina.deramaudt@gmail.com', 'Pastoor Van de Wouwerstraat 74', 9630, 'Zwalm', '0498 82 36 18', '1982-07-21'),
('KL1083', 'Raimbaut', 'Esmée', 'V', 'J5cbF7', 'esmee.raimbaut@gmail.com', 'Schoonselhoflei 144', 9220, 'Hamme (O.-Vl.)', '0478 36 49 89', '1991-01-22'),
('KL1084', 'Dewitte', 'Anna', 'V', 'Ks5Sqv', 'anna.dewitte@scarlet.be', 'Reinaartlaan 48', 8570, 'Vichte', '0475 99 16 64', '1992-04-06'),
('KL1085', 'Hollez', 'Flore', 'V', 'wXM4hk', 'flore.hollez@online.be', 'Floris Primsstraat 127', 8460, 'Roksem', '0496 72 88 92', '1997-04-26'),
('KL1086', 'Catrysse', 'Hajar', 'V', 'hGkQeH', 'hajar.catrysse@online.be', 'De Pretstraat 142', 9630, 'Roborst', '0482 81 49 33', '1986-03-14'),
('KL1087', 'Duprez', 'Axelle', 'V', '1cKKjC', 'axelle.duprez@pandora.be', 'Mac Leodplein 132', 9520, 'Bavegem', '0475 87 14 66', '1989-11-09'),
('KL1088', 'Lardin', 'Hanna', 'V', 'sAsQey', 'hanna.lardin@advalvas.be', 'Melkweg 99', 9860, 'Gijzenzele', '0498 17 41 44', '1980-04-29'),
('KL1089', 'Van Hooydonck', 'Flore', 'V', 'zBvMJv', 'flore.vanhooydonck@online.be', 'Moeshofstraat 87', 8630, 'Beauvoorde', '0498 52 90 81', '1984-09-14'),
('KL1090', 'Vermeulen', 'Pauline', 'V', 'zGmXGe', 'pauline.vermeulen@online.be', 'Krugerstraat 61', 9520, 'Bavegem', '0475 86 38 40', '1987-04-19'),
('KL1091', 'Duyvers', 'Femke', 'V', 'B8tsNT', 'femke.duyvers@advalvas.be', 'Gudrunlaan 1', 9572, 'Sint-Martens-Lierde', '0475 52 65 10', '1994-12-13'),
('KL1092', 'Cogge', 'Merel', 'V', 'nfKRDD', 'merel.cogge@advalvas.be', 'Hogeschouwstraat 101', 9032, 'Wondelgem', '0476 19 81 43', '1992-06-17'),
('KL1093', 'Spiessens', 'Gitte', 'V', '5HSz7w', 'gitte.spiessens@online.be', 'Stanleystraat 135', 9130, 'Doel', '0475 22 29 21', '1985-01-09'),
('KL1094', 'Cortoy', 'Alexia', 'V', '2X7KzK', 'alexia.cortoy@scarlet.be', 'Jan Samynlaan 131', 9260, 'Schellebelle', '0498 27 97 22', '1980-10-28'),
('KL1095', 'Lobel', 'Billie', 'V', 'xAmZGR', 'billie.lobel@online.be', 'Bouwmeestersstraat 146', 9080, 'Zeveneken', '0476 10 36 30', '1982-02-21'),
('KL1096', 'Muyllaert', 'Esther', 'V', 'Snez5K', 'esther.muyllaert@pandora.be', 'Jaak Lindersstraat 134', 9420, 'Burst', '0478 13 28 59', '1998-04-21'),
('KL1097', 'Duprey', 'June', 'V', 'BJ3Vs7', 'june.duprey@scarlet.be', 'Guido Gezellestraat 107', 9520, 'Sint-Lievens-Houtem', '0496 82 17 72', '1997-05-25'),
('KL1098', 'Morey', 'Gitte', 'V', '31VsUH', 'gitte.morey@scarlet.be', 'Tweelingenstraat 17', 8956, 'Kemmel', '0475 90 44 86', '1996-01-27'),
('KL1099', 'Herman', 'Merel', 'V', 'ePZTfW', 'merel.herman@online.be', 'Donkweg 14', 9660, 'Michelbeke', '0478 78 83 53', '1998-08-20'),
('KL1100', 'Verkeyn', 'Emilia', 'V', 'zt5GJh', 'emilia.verkeyn@gmail.com', 'Athenestraat 65', 9620, 'Oombergen (Zottegem)', '0476 31 87 30', '1994-06-29'),
('KL1101', 'Sus', 'Rania', 'V', '9vtqT9', 'rania.sus@advalvas.be', 'Kistemaeckersstraat 135', 8870, 'Emelgem', '0478 82 53 69', '1983-04-30'),
('KL1102', 'Bouteloup', 'Nienke', 'V', 'NkcAbd', 'nienke.bouteloup@advalvas.be', 'Jan Van Parijsstraat 74', 8310, 'Assebroek', '0498 12 65 96', '1991-02-12'),
('KL1103', 'Boeckeljoen', 'Rosalie', 'V', '8NMPP6', 'rosalie.boeckeljoen@scarlet.be', 'Wijnweg 121', 8433, 'Slijpe', '0475 54 97 35', '1983-03-12'),
('KL1104', 'Coppenolle', 'Hajar', 'V', 'ZHxckE', 'hajar.coppenolle@online.be', 'Marnixstraat 105', 9940, 'Ertvelde', '0498 83 87 61', '1989-07-18'),
('KL1105', 'Moulyer', 'Bo', 'V', 'MU57cv', 'bo.moulyer@pandora.be', 'Jules Destreestraat 123', 8570, 'Vichte', '0478 49 51 60', '1996-02-17'),
('KL1106', 'Lesage', 'Lynn', 'V', 'hAfvRc', 'lynn.lesage@scarlet.be', 'Verdussenstraat 86', 9690, 'Ruien', '0478 25 44 13', '1986-09-18'),
('KL1107', 'Belie', 'Hanna', 'V', 'xncKxP', 'hanna.belie@scarlet.be', 'Statielei 131', 9520, 'Bavegem', '0496 16 57 86', '1996-04-13'),
('KL1108', 'Berteloot', 'Victoria', 'V', 'nKBwHD', 'victoria.berteloot@gmail.com', 'Hobokensevest 61', 9550, 'Herzele', '0478 12 54 75', '1987-09-03'),
('KL1109', 'Balden', 'Lily', 'V', 'aXPuNF', 'lily.balden@scarlet.be', 'Waterhoenlaan 76', 9240, 'Zele', '0498 10 39 10', '1982-10-12'),
('KL1110', 'Dupon', 'Kato', 'V', 'twGNGt', 'kato.dupon@skynet.be', 'Haantjeslei 101', 9667, 'Sint-Maria-Horebeke', '0478 91 73 77', '1998-08-25'),
('KL1111', 'De Boyser', 'Femke', 'V', 'SRYuV6', 'femke.deboyser@skynet.be', 'Turnhoutsebaan 37', 9680, 'Etikhove', '0478 48 90 92', '1989-03-22'),
('KL1112', 'Paeque', 'Hanna', 'V', 'Pf4xZq', 'hanna.paeque@advalvas.be', 'James Ensorstraat 45', 9270, 'Laarne', '0476 49 33 51', '1983-07-27'),
('KL1113', 'Rossey', 'Stien', 'V', 'Dr9Zi5', 'stien.rossey@scarlet.be', 'Bourcetstraat 81', 8433, 'Mannekensvere', '0478 25 16 94', '1996-01-14'),
('KL1114', 'Van Loon', 'Amelia', 'V', 'kFjnxK', 'amelia.vanloon@gmail.com', 'Vrieskaai 96', 8020, 'Waardamme', '0482 45 47 59', '1994-02-09'),
('KL1115', 'Ameloot', 'Lore', 'V', 'uyap49', 'lore.ameloot@gmail.com', 'Kouterstraat 29', 8670, 'Oostduinkerke', '0478 74 58 73', '1980-09-23'),
('KL1116', 'Croain', 'Lobke', 'V', 'WnrEsF', 'lobke.croain@advalvas.be', 'Cornelis Dyckstratelaan 148', 8620, 'Nieuwpoort', '0482 44 21 36', '1988-12-27'),
('KL1117', 'Bouckilioen', 'Sara', 'V', 'f9e8cV', 'sara.bouckilioen@pandora.be', 'Kersbeekstraat 116', 8900, 'Ieper', '0482 44 26 37', '1997-06-09'),
('KL1118', 'Vanhevel', 'Emma', 'V', 'pc1wNe', 'emma.vanhevel@online.be', 'Kotterstraat 30', 9880, 'Aalter', '0478 84 46 85', '1986-01-09'),
('KL1119', 'Annoye', 'Lola', 'V', 'GqztJ1', 'lola.annoye@skynet.be', 'Edegemsesteenweg 41', 9400, 'Denderwindeke', '0496 73 22 15', '1988-08-06'),
('KL1120', 'Van Eeckhoutte', 'Lieke', 'V', 'DAjX7r', 'lieke.vaneeckhoutte@gmail.com', 'Hortensiastraat 47', 9112, 'Sinaai-Waas', '0476 37 27 77', '1992-12-28'),
('KL1121', 'George', 'Lucie', 'V', 'Fna46G', 'lucie.george@skynet.be', 'Draaiboomveld 39', 9690, 'Kluisbergen', '0482 35 73 10', '1983-04-28'),
('KL1122', 'Vanhille', 'Michelle', 'V', 'sfjBeu', 'michelle.vanhille@advalvas.be', 'Graanstraat 143', 9420, 'Burst', '0476 26 68 98', '1996-02-01'),
('KL1123', 'Kuypers', 'Hayley', 'V', 'dxGbxP', 'hayley.kuypers@advalvas.be', 'Jos Schuerweghstraat 110', 8620, 'Ramskapelle (Nieuwpoort)', '0496 35 90 74', '1995-03-03'),
('KL1124', 'Pleisie', 'Owen', 'M', 'n7wkuG', 'owen.pleisie@online.be', 'Keyserstraatje 105', 9570, 'Sint-Maria-Lierde', '0482 13 11 33', '1983-09-30'),
('KL1125', 'Ameeuws', 'Rayan', 'M', '6kxNh9', 'rayan.ameeuws@gmail.com', 'Den Geer 133', 9810, 'Nazareth', '0475 85 69 76', '1991-06-26'),
('KL1126', 'Bonte', 'Wolf', 'M', '1QYKrN', 'wolf.bonte@advalvas.be', 'Diamantstraat 116', 9403, 'Neigem', '0496 60 82 67', '1985-04-04'),
('KL1127', 'Semeryck', 'Lennert', 'M', 'qnDxy5', 'lennert.semeryck@scarlet.be', 'Hansadok 27', 9255, 'Buggenhout', '0476 20 15 98', '1986-09-08'),
('KL1129', 'Cogge', 'Roan', 'M', 'Fcti5J', 'roan.cogge@online.be', 'Bleekhofstraat 55', 9881, 'Bellem', '0496 68 66 21', '1995-06-18'),
('KL1130', 'Vannieuwkerke', 'Jens', 'M', 'bxbYek', 'jens.vannieuwkerke@scarlet.be', 'Bollandusstraat 33', 8480, 'Ichtegem', '0476 75 60 48', '1993-09-09'),
('KL1131', 'Rossey', 'Loļc', 'M', 'We291A', 'loļc.rossey@pandora.be', 'Violierstraat 24', 9800, 'Sint-Martens-Leerne', '0482 31 47 37', '1987-04-19'),
('KL1132', 'Sage', 'Nicolas', 'M', 'xha8nk', 'nicolas.sage@scarlet.be', 'Turckstraat 112', 8930, 'Menen', '0498 49 25 18', '1983-09-10'),
('KL1133', 'Bustraen', 'Matthias', 'M', 'ckGJbs', 'matthias.bustraen@pandora.be', 'Zandstraat 95', 8700, 'Schuiferskapelle', '0496 48 33 90', '1983-08-05'),
('KL1134', 'Vande Viver', 'Axel', 'M', 'FZAUNt', 'axel.vandeviver@gmail.com', 'Politeshofstraat 19', 8434, 'Westende', '0478 82 91 45', '1993-07-23'),
('KL1135', 'Sohier', 'Bent', 'M', 'ymUFjA', 'bent.sohier@gmail.com', 'Korte Schipperskapelstraat 56', 9620, 'Sint-Goriks-Oudenhove', '0496 44 20 69', '1987-11-12'),
('KL1136', 'Maillet', 'Bent', 'M', 'hv25Un', 'bent.maillet@advalvas.be', 'Herman Van den Reeckstraat 105', 9790, 'Elsegem', '0498 92 29 90', '1981-11-15'),
('KL1137', 'Lignel', 'Robbe', 'M', 'wHzEPd', 'robbe.lignel@advalvas.be', 'Kolonel Silvertopstraat 1', 8211, 'Aartrijke', '0476 58 83 33', '1993-03-28'),
('KL1138', 'Flahouw', 'Oliver', 'M', 'dRP9NS', 'oliver.flahouw@gmail.com', 'Godshuisstraat 53', 8691, 'Gijverinkhove', '0482 58 59 31', '1994-05-21'),
('KL1139', 'Herman', 'Ayden', 'M', 'snfzpF', 'ayden.herman@skynet.be', 'Goossensvest 92', 8340, 'Lapscheure', '0475 25 45 77', '1981-12-21'),
('KL1140', 'Vande Vyver', 'Seppe', 'M', '8pvKvn', 'seppe.vandevyver@pandora.be', 'Klerkenstraat 98', 9800, 'Deinze', '0476 43 63 43', '1985-08-04'),
('KL1141', 'Bril', 'Ayden', 'M', 'vta2fU', 'ayden.bril@online.be', 'Rietstraat 54', 8500, 'Kortrijk', '0478 13 97 39', '1997-12-26'),
('KL1142', 'Jollings', 'Tristan', 'M', '82EsVz', 'tristan.jollings@online.be', 'Oostelijke ring 1', 8600, 'Lampernisse', '0478 54 90 93', '1982-06-22'),
('KL1143', 'Aernoudt', 'Robbe', 'M', '6mzRat', 'robbe.aernoudt@online.be', 'Du Chastellei 72', 8970, 'Reningelst', '0476 68 73 94', '2000-02-01'),
('KL1144', 'Bouseke', 'Briek', 'M', 'jrKkEk', 'briek.bouseke@pandora.be', 'Lindendreef 93', 8890, 'Moorslede', '0476 11 57 44', '1990-04-25'),
('KL1145', 'Maes', 'Arno', 'M', 'SjyqiG', 'arno.maes@gmail.com', 'Neerland 19', 9881, 'Bellem', '0475 38 76 37', '1994-09-24'),
('KL1146', 'Cortoy', 'Rayan', 'M', 'QYYGdm', 'rayan.cortoy@skynet.be', 'Kapucijnenplein 36', 8600, 'Keiem', '0478 71 12 93', '1986-09-19'),
('KL1147', 'Schotte', 'Ethan', 'M', 'qCMec7', 'ethan.schotte@pandora.be', 'Grevendilf 80', 8377, 'Nieuwmunster', '0498 17 93 25', '1985-09-12'),
('KL1148', 'Naenen', 'Lasse', 'M', '5WFjfD', 'lasse.naenen@gmail.com', 'Diamantstraat 14', 8800, 'Rumbeke', '0498 39 54 79', '1994-08-03'),
('KL1149', 'Van Der Mulde', 'Maxim', 'M', '5qupxc', 'maxim.vandermulde@scarlet.be', 'Ernest Van Dijckkaai 50', 8630, 'Vinkem', '0498 29 70 48', '1987-08-05'),
('KL1150', 'Timmermans', 'Nathan', 'M', 'Qw9ARR', 'nathan.timmermans@pandora.be', 'Michel Willemslaan 139', 8210, 'Loppem', '0498 30 23 58', '1987-09-03'),
('KL1151', 'Van Camp', 'Vincent', 'M', 'y9DgNy', 'vincent.vancamp@pandora.be', 'Edelvalklaan 98', 9840, 'De Pinte', '0496 43 53 40', '1984-08-27'),
('KL1152', 'Degrouw', 'Jack', 'M', 'c98Rej', 'jack.degrouw@scarlet.be', 'Scheepswerfstraat 7', 9690, 'Berchem (O.-Vl.)', '0476 64 42 33', '1989-09-30'),
('KL1153', 'Heyman', 'Jesse', 'M', 'kKw9az', 'jesse.heyman@scarlet.be', 'Kruisbaanvelden 136', 9870, 'Zulte', '0482 47 16 48', '1994-11-08'),
('KL1155', 'Crepin', 'Yanis', 'M', 'ZS8SYy', 'yanis.crepin@pandora.be', 'Kapelstraat 145', 9420, 'Erpe-Mere', '0478 69 82 56', '1994-05-16'),
('KL1156', 'Baes', 'Rik', 'M', 'RzQPbH', 'rik.baes@advalvas.be', 'Dodoensstraat 108', 8900, 'Sint-Jan', '0476 46 94 12', '1991-10-28'),
('KL1157', 'Leclerc', 'Jason', 'M', 'wnZHa9', 'jason.leclerc@gmail.com', 'Reeboklaan 140', 9820, 'Melsen', '0476 56 45 41', '1995-11-25'),
('KL1158', 'Herkelbout', 'Maxime', 'M', 'puNXNg', 'maxime.herkelbout@advalvas.be', 'Rik Woutersstraat 128', 9890, 'Baaigem', '0498 37 54 55', '1981-08-06'),
('KL1159', 'Van Schoonvelde', 'Alex', 'M', 'KH9S37', 'alex.vanschoonvelde@scarlet.be', 'Biekorfstraat 109', 8600, 'Nieuwkapelle', '0476 86 69 31', '1993-12-24'),
('KL1160', 'Priem', 'Lars', 'M', '8jZtud', 'lars.priem@online.be', 'Oostendestraat 46', 8587, 'Helkijn', '0498 18 77 89', '1988-08-28'),
('KL1161', 'Herman', 'Mateo', 'M', 'me7H2r', 'mateo.herman@pandora.be', 'Jan Brochovenstraat 64', 8540, 'Deerlijk', '0476 94 83 40', '1993-01-30'),
('KL1162', 'Lobel', 'Léon', 'M', 'CKNQu5', 'leon.lobel@online.be', 'West-Eind 30', 9400, 'Voorde', '0498 11 56 50', '1985-08-26'),
('KL1164', 'Fockenberghe', 'Amir', 'M', 'QWVjNh', 'amir.fockenberghe@pandora.be', 'Frankrijklei 54', 9860, 'Oosterzele', '0496 79 91 84', '1990-11-21'),
('KL1165', 'Gaens', 'Thibault', 'M', 'sD9yt3', 'thibault.gaens@scarlet.be', 'Vrijthofstraat 38', 9552, 'Borsbeke', '0496 83 18 76', '1994-04-26'),
('KL1166', 'Gryson', 'Dylan', 'M', '5Y1AiK', 'dylan.gryson@advalvas.be', 'Noordschippersdok 27', 8340, 'Hoeke', '0475 52 43 81', '1999-03-09'),
('KL1167', 'Lamey', 'Flor', 'M', 'GZeq3V', 'flor.lamey@advalvas.be', 'Verbindingsdok - Westkaai 64', 9690, 'Zulzeke', '0482 18 66 34', '1999-11-11'),
('KL1168', 'De Reere', 'Marcel', 'M', 'zs1Whj', 'marcel.dereere@scarlet.be', 'Kilstraat 55', 9620, 'Elene', '0475 54 98 33', '1986-04-12'),
('KL1170', 'Matten', 'Muhammed', 'M', '7xE61y', 'muhammed.matten@skynet.be', 'Vianderdal 135', 9150, 'Kruibeke', '0478 51 41 49', '1997-06-16'),
('KL1172', 'Krinkels', 'Mohammed', 'M', 'PsEsRv', 'mohammed.krinkels@online.be', 'Parkweg 49', 9420, 'Vlekkem', '0476 81 60 80', '1996-01-16'),
('KL1173', 'Lebbe', 'Ayden', 'M', '8BGvgF', 'ayden.lebbe@advalvas.be', 'Reuzenpoort 43', 9420, 'Ottergem', '0498 83 11 36', '1982-09-06'),
('KL1174', 'Maertens', 'Maurice', 'M', '7K2rvW', 'maurice.maertens@scarlet.be', 'Jennevalstraat 130', 9051, 'Sint-Denijs-Westrem', '0496 88 61 95', '2000-02-15'),
('KL1175', 'Hindrycks', 'Jonas', 'M', 'FScrYe', 'jonas.hindrycks@skynet.be', 'Raapstraat 110', 8720, 'Dentergem', '0478 21 10 29', '1999-06-09'),
('KL1176', 'Vandepitte', 'Vince', 'M', 'gZHDnq', 'vince.vandepitte@pandora.be', 'Piepelboomstraat 143', 9630, 'Munkzwalm', '0478 70 25 65', '1993-10-24'),
('KL1177', 'Craeynest', 'Sem', 'M', 'jfYsxS', 'sem.craeynest@gmail.com', 'Noordschippersdok 52', 9552, 'Borsbeke', '0496 28 83 57', '1994-07-30'),
('KL1178', 'Touzet', 'Sander', 'M', 'v7awwQ', 'sander.touzet@skynet.be', 'Boudewijnlaan 44', 9870, 'Olsene', '0478 45 72 57', '1999-07-22'),
('KL1179', 'Van De Zande', 'Jack', 'M', 'fPSUu3', 'jack.vandezande@online.be', 'Kattenstraat 52', 9050, 'Ledeberg (Gent)', '0478 25 39 71', '1980-06-28'),
('KL1180', 'Dupont', 'Jonathan', 'M', 'iKUabp', 'jonathan.dupont@advalvas.be', 'Predikherenbos 16', 8581, 'Waarmaarde', '0496 90 36 31', '1980-08-29'),
('KL1181', 'De Swartes', 'Senne', 'M', '2nHcp4', 'senne.deswartes@scarlet.be', 'Velodroomstraat 53', 9700, 'Melden', '0475 92 75 93', '1994-04-19'),
('KL1182', 'Dekrop', 'Wout', 'M', 'A6Ca8S', 'wout.dekrop@gmail.com', 'De Burburestraat 2', 8793, 'Sint-Eloois-Vijve', '0482 57 59 61', '1989-09-30'),
('KL1185', 'Lawaerde', 'Jack', 'M', 'Y55jhg', 'jack.lawaerde@pandora.be', 'Marie-Joselaan 103', 8730, 'Sint-Joris (Beernem)', '0496 80 14 44', '1997-05-19'),
('KL1186', 'Vereenooghe', 'Nils', 'M', 'E9K7t4', 'nils.vereenooghe@skynet.be', 'Van der Keilenstraat 136', 8810, 'Lichtervelde', '0482 82 24 28', '1990-01-29'),
('KL1187', 'Bouwe', 'Leon', 'M', '2HmdPY', 'leon.bouwe@online.be', 'Lissabonstraat 70', 8620, 'Ramskapelle (Nieuwpoort)', '0496 91 94 92', '1982-07-15'),
('KL1188', 'Vandersmissen', 'Joppe', 'M', 'qR3cYH', 'joppe.vandersmissen@advalvas.be', 'Verbindingsdok - Westkaai 75', 8432, 'Leffinge', '0496 39 98 57', '1984-02-17'),
('KL1190', 'Muyllaert', 'Vince', 'M', 'kvBj6T', 'vince.muyllaert@advalvas.be', 'Dokter Verhoevenstraat 10', 9700, 'Mullem', '0476 86 66 68', '1992-08-21'),
('KL1191', 'Bouckellioen', 'Ward', 'M', 'VqYsid', 'ward.bouckellioen@online.be', 'Grimsbystraat 133', 9830, 'Sint-Martens-Latem', '0476 78 54 32', '1994-08-28'),
('KL1192', 'Soetemont', 'Amin', 'M', 'g5869T', 'amin.soetemont@scarlet.be', 'Wissenboslaan 78', 9991, 'Adegem', '0482 78 36 76', '1993-08-01'),
('KL1193', 'Debruck', 'Maurice', 'M', 'a118Uz', 'maurice.debruck@online.be', 'Klein Hoefken 134', 9890, 'Dikkelvenne', '0496 36 60 88', '1995-03-25'),
('KL1195', 'Derudder', 'Nils', 'M', 'EXPPzm', 'nils.derudder@pandora.be', 'Van Montfortstraat 65', 9120, 'Vrasene', '0482 34 83 56', '1981-02-12'),
('KL1196', 'Louage', 'Senne', 'M', 'ihgs7T', 'senne.louage@gmail.com', 'Ernest Van Dijckkaai 6', 9800, 'Meigem', '0475 27 44 35', '1991-03-08'),
('KL1197', 'Bousekey', 'Seppe', 'M', 'Xv6MRk', 'seppe.bousekey@advalvas.be', 'Bombaystraat 98', 9600, 'Renaix', '0496 32 75 30', '1994-12-17'),
('KL1198', 'Plets', 'Mathieu', 'M', 'pqkw2z', 'mathieu.plets@pandora.be', 'Dalkruidlaan 23', 9290, 'Overmere', '0476 88 52 24', '1989-06-11');

-- --------------------------------------------------------

--
-- Tabelstructuur voor tabel `tblmenu`
--

CREATE TABLE `tblmenu` (
  `menuID` int(11) NOT NULL,
  `menutekst` varchar(100) COLLATE utf8_unicode_ci NOT NULL,
  `menulink` varchar(200) COLLATE utf8_unicode_ci NOT NULL,
  `volgorde` int(11) NOT NULL
) ENGINE=InnoDB DEFAULT CHARSET=utf8 COLLATE=utf8_unicode_ci;

--
-- Gegevens worden geëxporteerd voor tabel `tblmenu`
--

INSERT INTO `tblmenu` (`menuID`, `menutekst`, `menulink`, `volgorde`) VALUES
(3, 'Productinfo', 'productinfo.php', 1),
(4, 'Bestellen', 'bestellen.php', 2),
(5, 'Jarige klanten', 'jarig.php', 3),
(6, 'Inloggen en registreren', 'inloggen.php', 4),
(7, 'Home', 'index.php', 6),
(8, 'Mijn bestellingen', 'mijnbestel.php', 5);

--
-- Indexen voor geëxporteerde tabellen
--

--
-- Indexen voor tabel `tblartikels`
--
ALTER TABLE `tblartikels`
  ADD PRIMARY KEY (`Artnr`);

--
-- Indexen voor tabel `tblbestellijnen`
--
ALTER TABLE `tblbestellijnen`
  ADD PRIMARY KEY (`BestellijnID`);

--
-- Indexen voor tabel `tblbestellingen`
--
ALTER TABLE `tblbestellingen`
  ADD PRIMARY KEY (`BestelID`);

--
-- Indexen voor tabel `tblcategorie`
--
ALTER TABLE `tblcategorie`
  ADD PRIMARY KEY (`CatID`);

--
-- Indexen voor tabel `tblklanten`
--
ALTER TABLE `tblklanten`
  ADD PRIMARY KEY (`KlantID`),
  ADD KEY `KlantID` (`KlantID`);

--
-- Indexen voor tabel `tblmenu`
--
ALTER TABLE `tblmenu`
  ADD PRIMARY KEY (`menuID`);

--
-- AUTO_INCREMENT voor geëxporteerde tabellen
--

--
-- AUTO_INCREMENT voor een tabel `tblmenu`
--
ALTER TABLE `tblmenu`
  MODIFY `menuID` int(11) NOT NULL AUTO_INCREMENT, AUTO_INCREMENT=9;
COMMIT;

/*!40101 SET CHARACTER_SET_CLIENT=@OLD_CHARACTER_SET_CLIENT */;
/*!40101 SET CHARACTER_SET_RESULTS=@OLD_CHARACTER_SET_RESULTS */;
/*!40101 SET COLLATION_CONNECTION=@OLD_COLLATION_CONNECTION */;
