-- phpMyAdmin SQL Dump
-- version 4.9.0.1
-- https://www.phpmyadmin.net/
--
-- Host: 127.0.0.1
-- Gegenereerd op: 11 mei 2021 om 09:11
-- Serverversie: 10.4.6-MariaDB
-- PHP-versie: 7.3.8

SET SQL_MODE = "NO_AUTO_VALUE_ON_ZERO";
SET AUTOCOMMIT = 0;
START TRANSACTION;
SET time_zone = "+00:00";


/*!40101 SET @OLD_CHARACTER_SET_CLIENT=@@CHARACTER_SET_CLIENT */;
/*!40101 SET @OLD_CHARACTER_SET_RESULTS=@@CHARACTER_SET_RESULTS */;
/*!40101 SET @OLD_COLLATION_CONNECTION=@@COLLATION_CONNECTION */;
/*!40101 SET NAMES utf8mb4 */;

--
-- Database: `greenway`
--

-- --------------------------------------------------------

--
-- Tabelstructuur voor tabel `tblcategorie`
--

CREATE TABLE `tblcategorie` (
  `catID` varchar(10) COLLATE utf8_unicode_ci NOT NULL,
  `catomschrijving` varchar(30) COLLATE utf8_unicode_ci NOT NULL
) ENGINE=InnoDB DEFAULT CHARSET=utf8 COLLATE=utf8_unicode_ci;

--
-- Gegevens worden geëxporteerd voor tabel `tblcategorie`
--

INSERT INTO `tblcategorie` (`catID`, `catomschrijving`) VALUES
('cat001', 'burgers'),
('cat002', 'greenway classic'),
('cat003', 'wraps'),
('cat004', 'platters'),
('cat005', 'sides'),
('cat006', 'drinks'),
('cat007', 'desserts');

-- --------------------------------------------------------

--
-- Tabelstructuur voor tabel `tblfestivals`
--

CREATE TABLE `tblfestivals` (
  `idnl` varchar(10) COLLATE utf8_unicode_ci NOT NULL,
  `idfr` varchar(10) COLLATE utf8_unicode_ci NOT NULL,
  `factnl` tinytext COLLATE utf8_unicode_ci NOT NULL,
  `factfr` tinytext COLLATE utf8_unicode_ci NOT NULL
) ENGINE=InnoDB DEFAULT CHARSET=utf8 COLLATE=utf8_unicode_ci;

--
-- Gegevens worden geëxporteerd voor tabel `tblfestivals`
--

INSERT INTO `tblfestivals` (`idnl`, `idfr`, `factnl`, `factfr`) VALUES
('ff1', 'ff21', 'In 2016 wint Greenway op Tomorrowland met de Asian inspired sandwich de Gault Millau prijs voor best healthy festival food', 'En 2016, Greenway a remporté à Tomorrowland, avec son Asian inspired sandwich, le prix Gault&Millau Best healthy festival food'),
('ff2', 'ff22', 'Greenway is pionier in healthy festivalfood, al sinds 2007 staan we op de grootste festivals', 'Greenway est un pionnier de la nourriture santé lors des festivals ; nous sommes présents sur les plus grands festivals depuis 2007.'),
('ff3', 'ff23', 'Op 5 weken tijd verkopen we met Greenway op festivals ca. 20 000 kebabwraps', 'En 5 semaines à peine, nous vendons sur les festivals quelque 20 000 wraps au kebab.'),
('ff4', 'ff24', 'Greenway verkoopt 65.000 maaltijden op 1 festivalseizoen', 'Greenway écoule 65 000 repas en une seule saison festivalière.'),
('ff5', 'ff25', 'Thaise curry, Pad Thai, kebab wrap, Greenway Burger', 'Curry thaï, Pad Thai, Lumpia, Triangle curry, Greenway Burger'),
('ff6', 'ff26', 'De Greenway Asian tapas mix met loempia, curry driehoek en falafel stilt de trek', 'Le Greenway Asian tapas mix, comprenant lumpia, triangle curry et falafels, calme toutes les faims.'),
('ff7', 'ff27', '1/ Kokoscurry 2/ Chinese Lo Mein 3/ Pad Thai 4/ Kebab wrap 5/ Asian tapas mix 6/ Greenway Burger', '1/ Curry au coco 2/ Chinese Lo Mein 3/ Pad Thai 4/ Kebab wrap 5/ Asian tapas mix 6/ Greenway Burger'),
('ff8', 'ff28', 'Bij Greenway proef je de smaken van de wereld en serveren we specialiteiten van het Midden Oosten tot het Verre Oosten', 'Chez Greenway, goûtez les saveurs du monde et voyagez grâce aux spécialités du Moyen à l’Extrême-Orient.'),
('ff9', 'ff29', 'Tijdens de festivals zorgt een team van 30 enthousiaste studenten voor lekkere maaltijden en blije Greenway-festivalklanten', 'Pendant les festivals, une équipe de 30 étudiants enthousiastes veille à préparer des repas savoureux pour le plus grand bonheur des clients festivaliers de Greenway.');

-- --------------------------------------------------------

--
-- Tabelstructuur voor tabel `tblklanten`
--

CREATE TABLE `tblklanten` (
  `klantID` varchar(8) COLLATE utf8_unicode_ci NOT NULL,
  `winkel` varchar(8) COLLATE utf8_unicode_ci NOT NULL,
  `fnaam` varchar(40) COLLATE utf8_unicode_ci NOT NULL,
  `vnaam` varchar(25) COLLATE utf8_unicode_ci NOT NULL,
  `geslacht` varchar(1) COLLATE utf8_unicode_ci NOT NULL,
  `email` varchar(65) COLLATE utf8_unicode_ci NOT NULL,
  `straat` varchar(45) COLLATE utf8_unicode_ci NOT NULL,
  `huisnr` varchar(10) COLLATE utf8_unicode_ci NOT NULL,
  `postnr` varchar(10) COLLATE utf8_unicode_ci NOT NULL,
  `gemeente` varchar(30) COLLATE utf8_unicode_ci NOT NULL
) ENGINE=InnoDB DEFAULT CHARSET=utf8 COLLATE=utf8_unicode_ci;

--
-- Gegevens worden geëxporteerd voor tabel `tblklanten`
--

INSERT INTO `tblklanten` (`klantID`, `winkel`, `fnaam`, `vnaam`, `geslacht`, `email`, `straat`, `huisnr`, `postnr`, `gemeente`) VALUES
('KL1000', '1024', 'Grisez', 'Michael', 'M', 'michael.grisez@telenet.be', 'Kapittelstraat', '88', '9000', 'Gent'),
('KL1001', '1021', 'Mylle', 'Rosalie', 'V', 'rosalie.mylle@outlook.com', 'Helmkruidstraat', '90', '9000', 'Gent'),
('KL1002', '1020', 'Vanhove', 'Paula', 'V', 'paula.vanhove@combell.be', 'Voormuide', '100', '9000', 'Gent'),
('KL1003', '1004', 'Anthonis', 'Aurélie', 'V', 'aurelie.anthonis@outlook.com', 'Nekkersvijverstraat', '10', '9000', 'Gent'),
('KL1004', '1010', 'Colart', 'Benthe', 'V', 'benthe.colart@combell.be', 'Nicolaas Zannekinstraat', '75', '9000', 'Gent'),
('KL1005', '1023', 'Van den bergh', 'Achille', 'M', 'achille.vandenbergh@hotmail.com', 'Academiestraat', '98', '9000', 'Gent'),
('KL1006', '1006', 'Steenhoudt', 'Theo', 'M', 'theo.steenhoudt@hotmail.com', 'Spoelbotenstraat', '83', '9000', 'Gent'),
('KL1007', '1008', 'Larivière', 'Elin', 'V', 'elin.lariviere@combell.be', 'Schaatsmeers', '50', '9000', 'Gent'),
('KL1008', '1023', 'Gendebien', 'Annelien', 'V', 'annelien.gendebien@combell.be', 'Lijsterbesdreef', '115', '9000', 'Gent'),
('KL1009', '1021', 'Binst', 'Aäron', 'M', 'aaron.binst@gmail.com', 'Rekelingestraat', '47', '9000', 'Gent'),
('KL1010', '1002', 'Vaeremans', 'Rozanne', 'V', 'rozanne.vaeremans@gmail.com', 'Vijverstraat', '1', '9000', 'Gent'),
('KL1011', '1025', 'Walraevens', 'Zayd', 'M', 'zayd.walraevens@outlook.com', 'Luchthavenlaan', '63', '9000', 'Gent'),
('KL1012', '1002', 'Van Poecke', 'Elize', 'V', 'elize.vanpoecke@outlook.com', 'Wissaardspad', '59', '9000', 'Gent'),
('KL1013', '1014', 'Van Oostende', 'Vic', 'M', 'vic.vanoostende@hotmail.com', 'Kerkstraat', '99', '9060', 'Zelzate'),
('KL1014', '1014', 'Roelands', 'Rayane', 'M', 'rayane.roelands@gmail.com', 'Hovenakker', '26', '9070', 'Destelbergen'),
('KL1015', '1005', 'Depla', 'Ilan', 'M', 'ilan.depla@gmail.com', 'Scheldelaan', '30', '9070', 'Destelbergen'),
('KL1016', '1012', 'Van Tomme', 'Auke', 'V', 'auke.vantomme@hotmail.com', 'Ververijstraat', '87', '9070', 'Destelbergen'),
('KL1017', '1010', 'Vander Elst', 'Lauren', 'V', 'lauren.vanderelst@outlook.com', 'Bennesteeg', '96', '9080', 'Lochristi'),
('KL1018', '1004', 'Oostens', 'Lorenzo', 'M', 'lorenzo.oostens@outlook.com', 'Smalhaveldstraat', '11', '9080', 'Lochristi'),
('KL1019', '1024', 'Gailliaert', 'Freya', 'V', 'freya.gailliaert@proximus.be', 'Burgemeester-Vermeulenlaan', '63', '9080', 'Lochristi'),
('KL1020', '1004', 'Counet', 'Andres', 'M', 'andres.counet@gmail.com', 'Merelbekestraat', '97', '9090', 'Melle'),
('KL1021', '1022', 'Gramme', 'Mien', 'V', 'mien.gramme@gmail.com', 'Boonhemwegel', '30', '9100', 'Sint-Niklaas'),
('KL1022', '1001', 'Vaerewyck', 'Ziva', 'V', 'ziva.vaerewyck@outlook.com', 'Mezenstraat', '93', '9100', 'Sint-Niklaas'),
('KL1023', '1019', 'Verbanck', 'Maud', 'V', 'maud.verbanck@proximus.be', 'Dr. Van Raemdonckstraat', '111', '9100', 'Sint-Niklaas'),
('KL1024', '1010', 'Linard', 'Mara', 'V', 'mara.linard@outlook.com', 'Donkerwegel', '109', '9100', 'Sint-Niklaas'),
('KL1025', '1001', 'Uten', 'Alexia', 'V', 'alexia.uten@hotmail.com', 'Vinkenlaan', '30', '9100', 'Sint-Niklaas'),
('KL1026', '1007', 'Taburiaux', 'Hailey', 'V', 'hailey.taburiaux@outlook.com', 'Hazenpad', '70', '9100', 'Sint-Niklaas'),
('KL1027', '1020', 'Walgraef', 'Muhammad', 'M', 'muhammad.walgraef@gmail.com', 'Nauwstraat', '22', '9100', 'Sint-Niklaas'),
('KL1028', '1023', 'Ingels', 'Kilian', 'M', 'kilian.ingels@gmail.com', 'Magnolialaan', '95', '9140', 'Temse'),
('KL1029', '1020', 'Boeckmans', 'Jonah', 'M', 'jonah.boeckmans@proximus.be', 'Broekstraat', '70', '9140', 'Temse'),
('KL1030', '1004', 'Riga', 'Alyssa', 'V', 'alyssa.riga@combell.be', 'Hof ter Elstlaan', '20', '9140', 'Temse'),
('KL1031', '1023', 'Margodt', 'Ella', 'V', 'ella.margodt@outlook.com', 'Loodsdreef', '57', '9140', 'Temse'),
('KL1032', '1016', 'Piepers', 'Kato', 'V', 'kato.piepers@telenet.be', 'St.-Pietersdoorn', '53', '9150', 'Kruibeke'),
('KL1033', '1020', 'Vogeleer', 'Sterre', 'V', 'sterre.vogeleer@telenet.be', 'Gustave Maesstraat', '31', '9160', 'Lokeren'),
('KL1034', '1024', 'Yahiaoui', 'Ilana', 'V', 'ilana.yahiaoui@telenet.be', 'Vinkstraat', '10', '9160', 'Lokeren'),
('KL1035', '1013', 'Vanderheiden', 'Robin', 'V', 'robin.vanderheiden@outlook.com', 'Slootstraat', '64', '9160', 'Lokeren'),
('KL1036', '1023', 'Despontin', 'Juliet', 'V', 'juliet.despontin@combell.be', 'Spoele', '43', '9160', 'Lokeren'),
('KL1037', '1020', 'Abeels', 'Gillian', 'M', 'gillian.abeels@telenet.be', 'Spletterendreef', '106', '9160', 'Lokeren'),
('KL1038', '1025', 'Schwartz', 'Lune', 'V', 'lune.schwartz@proximus.be', 'Donkstraat', '119', '9170', 'Sint-Gillis'),
('KL1039', '1015', 'Moureau', 'Arthur', 'M', 'arthur.moureau@hotmail.com', 'Maatweg', '91', '9170', 'Sint-Gillis'),
('KL1040', '1012', 'Tison', 'Sien', 'V', 'sien.tison@outlook.com', 'Sleutelbloemlaan', '111', '9200', 'Dendermonde'),
('KL1041', '1020', 'Yeboah', 'Massimo', 'M', 'massimo.yeboah@proximus.be', 'Bakkerstraat', '33', '9200', 'Dendermonde'),
('KL1042', '1017', 'Laureyssens', 'Jannes', 'M', 'jannes.laureyssens@hotmail.com', 'Evenakker', '74', '9230', 'Wetteren'),
('KL1043', '1010', 'Heinen', 'Florence', 'V', 'florence.heinen@hotmail.com', 'Sportstraat', '82', '9230', 'Wetteren'),
('KL1044', '1002', 'Vandenbulcke', 'Céleste', 'V', 'celeste.vandenbulcke@outlook.com', 'Groene Wegel', '48', '9230', 'Wetteren'),
('KL1045', '1016', 'Roekens', 'Catalina', 'V', 'catalina.roekens@outlook.com', 'Sint-Jozefstraat', '78', '9255', 'Buggenhout'),
('KL1046', '1015', 'Duez', 'Emilio', 'M', 'emilio.duez@gmail.com', 'Kruisbaan', '116', '9255', 'Buggenhout'),
('KL1047', '1006', 'Schuermans', 'Sid', 'M', 'sid.schuermans@telenet.be', 'Donkgoeddreef', '94', '9290', 'Berlare'),
('KL1048', '1016', 'Moers', 'Semih', 'M', 'semih.moers@gmail.com', 'Rozenlaan', '78', '9290', 'Berlare'),
('KL1049', '1020', 'Rahimi', 'Yasmine', 'V', 'yasmine.rahimi@gmail.com', 'Bollewerkstraat', '55', '9290', 'Berlare'),
('KL1050', '1021', 'Lannoo', 'Estée', 'V', 'estee.lannoo@telenet.be', 'Heidestraat', '52', '9290', 'Berlare'),
('KL1051', '1015', 'Schellinck', 'Théo', 'M', 'theo.schellinck@telenet.be', 'Aardeweg', '47', '9400', 'Ninove'),
('KL1052', '1023', 'Letot', 'Natan', 'M', 'natan.letot@outlook.com', 'Dekenijstraat', '42', '9400', 'Ninove'),
('KL1053', '1022', 'Corneillie', 'Mirthe', 'V', 'mirthe.corneillie@telenet.be', 'Bokkendries', '1', '9400', 'Ninove'),
('KL1054', '1017', 'De Winne', 'Nino', 'M', 'nino.dewinne@proximus.be', 'Muishondstraat', '51', '9400', 'Ninove'),
('KL1055', '1012', 'Marijsse', 'Kyan', 'M', 'kyan.marijsse@telenet.be', 'Schone-Veldstraat', '21', '9400', 'Ninove'),
('KL1056', '1004', 'Wieme', 'Layla', 'V', 'layla.wieme@gmail.com', 'Bergstraat', '3', '9420', 'Erpe-Mere'),
('KL1057', '1025', 'Vivier', 'Bruce', 'M', 'bruce.vivier@outlook.com', 'Keizersveld', '51', '9420', 'Erpe-Mere'),
('KL1058', '1023', 'Nicodème', 'Arne', 'M', 'arne.nicodeme@combell.be', 'Daal', '37', '9450', 'Haaltert'),
('KL1059', '1022', 'Defever', 'Otto', 'M', 'otto.defever@proximus.be', 'Sannastraat', '16', '9450', 'Haaltert'),
('KL1060', '1025', 'Jottard', 'Noor', 'V', 'noor.jottard@outlook.com', 'Deeskensveld', '53', '9450', 'Haaltert'),
('KL1061', '1021', 'Verberckmoes', 'Ian', 'M', 'ian.verberckmoes@combell.be', 'Nieuwenhovestraat', '10', '9500', 'Geraardsbergen'),
('KL1062', '1020', 'Jacqmin', 'Morris', 'M', 'morris.jacqmin@gmail.com', 'Vlinderhof', '46', '9500', 'Moerbeke'),
('KL1063', '1008', 'Vanhaelen', 'Linne', 'V', 'linne.vanhaelen@telenet.be', 'Parkbos', '32', '9500', 'Geraardsbergen'),
('KL1064', '1006', 'Eggers', 'Moon', 'V', 'moon.eggers@hotmail.com', 'Lindeveldstraat', '79', '9500', 'Geraardsbergen'),
('KL1065', '1019', 'Kerkhof', 'Salim', 'M', 'salim.kerkhof@gmail.com', 'Meersstraat', '26', '9620', 'Zottegem'),
('KL1066', '1022', 'Thonet', 'Leya', 'V', 'leya.thonet@outlook.com', 'Hemelbroek', '93', '9620', 'Zottegem'),
('KL1067', '1015', 'Calle', 'Renske', 'V', 'renske.calle@outlook.com', 'Meileveld', '115', '9620', 'Zottegem'),
('KL1068', '1002', 'Smans', 'Karim', 'M', 'karim.smans@hotmail.com', 'Terrasstraat', '47', '9620', 'Zottegem'),
('KL1069', '1001', 'Vanroy', 'Mattis', 'M', 'mattis.vanroy@proximus.be', 'Oudenweg', '60', '9630', 'Zwalm'),
('KL1070', '1011', 'Turco', 'Milla', 'V', 'milla.turco@combell.be', 'Warande', '11', '9660', 'Brakel'),
('KL1071', '1006', 'Ahmedova', 'Mia', 'V', 'mia.ahmedova@combell.be', 'Galgestraat', '65', '9660', 'Brakel'),
('KL1072', '1019', 'Napolitano', 'Hidaya', 'V', 'hidaya.napolitano@telenet.be', 'Priemstraat', '83', '9660', 'Brakel'),
('KL1073', '1012', 'Nietvelt', 'Rosalie', 'V', 'rosalie.nietvelt@gmail.com', 'Spichtenberg', '103', '9680', 'Maarkedal'),
('KL1074', '1022', 'Abbeel', 'Maïté', 'V', 'maïte.abbeel@outlook.com', 'Zonneveldstraat', '47', '9680', 'Maarkedal'),
('KL1075', '1013', 'Kempeneers', 'Michelle', 'V', 'michelle.kempeneers@proximus.be', 'Warandestraat', '61', '9770', 'Kruishoutem'),
('KL1076', '1013', 'De Baerdemaeker', 'Jozefien', 'V', 'jozefien.debaerdemaeker@gmail.com', 'Dosweg', '119', '9800', 'Deinze'),
('KL1077', '1006', 'Lazar', 'Aleyna', 'V', 'aleyna.lazar@hotmail.com', 'Begoniastraat', '79', '9810', 'Nazareth'),
('KL1078', '1001', 'Geldhof', 'Lauranne', 'V', 'lauranne.geldhof@combell.be', 'Oostkouter', '47', '9810', 'Nazareth'),
('KL1079', '1006', 'Nevens', 'Margot', 'V', 'margot.nevens@proximus.be', 'Oostkouter', '34', '9810', 'Nazareth'),
('KL1080', '1002', 'Tommelein', 'Ben', 'M', 'ben.tommelein@gmail.com', 'Verlorenbroodstraat', '52', '9820', 'Merelbeke'),
('KL1081', '1015', 'Coppens', 'Malik', 'M', 'malik.coppens@combell.be', 'Blijpoel', '109', '9840', 'De Pinte'),
('KL1082', '1011', 'Ouali', 'Alexandre', 'M', 'alexandre.ouali@combell.be', 'Dorp', '57', '9840', 'De Pinte'),
('KL1083', '1022', 'Noiset', 'Denzel', 'M', 'denzel.noiset@gmail.com', 'Botsewegel', '16', '9860', 'Oosterzele'),
('KL1084', '1017', 'Desodt', 'Chiara', 'V', 'chiara.desodt@outlook.com', 'Verbindingsstraat', '88', '9870', 'Zulte'),
('KL1085', '1008', 'Kowalczyk', 'Amber', 'V', 'amber.kowalczyk@combell.be', 'Begonialaan', '120', '9870', 'Zulte'),
('KL1086', '1006', 'Gerets', 'Lucie', 'V', 'lucie.gerets@outlook.com', 'Woestijnepark', '88', '9880', 'Aalter'),
('KL1087', '1019', 'Van Ballaer', 'Mirre', 'V', 'mirre.vanballaer@outlook.com', 'Kwadestraat', '82', '9880', 'Aalter'),
('KL1088', '1009', 'Paumen', 'Martijn', 'M', 'martijn.paumen@gmail.com', 'Trekweg', '94', '9920', 'Lovendegem'),
('KL1089', '1007', 'Cotton', 'Matz', 'M', 'matz.cotton@combell.be', 'Kleitstraat', '68', '9930', 'Zomergem'),
('KL1090', '1024', 'Knaepkens', 'Matthew', 'M', 'matthew.knaepkens@gmail.com', 'Tuinwijk-Motje', '104', '9930', 'Zomergem'),
('KL1091', '1020', 'Van Puyenbroeck', 'Sil', 'M', 'sil.vanpuyenbroeck@telenet.be', 'Frits Van den Berghestraat', '71', '9940', 'Evergem'),
('KL1092', '1007', 'Salamone', 'Frederik', 'M', 'frederik.salamone@gmail.com', 'Albijn Van den Abeelestraat', '53', '9940', 'Evergem'),
('KL1093', '1015', 'Ficheroulle', 'Alessio', 'M', 'alessio.ficheroulle@gmail.com', 'Blakkeveld', '74', '9990', 'Maldegem'),
('KL1094', '1016', 'Genot', 'Aria', 'V', 'aria.genot@outlook.com', 'Konduit', '106', '9990', 'Maldegem'),
('KL1095', '1016', 'Vekeman', 'Lander', 'M', 'lander.vekeman@proximus.be', 'Steenhuisdreef', '32', '9000', 'Gent'),
('KL1096', '1021', 'Meysmans', 'Branko', 'M', 'branko.meysmans@gmail.com', 'Gemeenteplein', '33', '9000', 'Gent'),
('KL1097', '1001', 'Panier', 'Lenthe', 'V', 'lenthe.panier@hotmail.com', 'Bijlokehof', '57', '9000', 'Gent'),
('KL1098', '1024', 'Vandromme', 'Kenzo', 'M', 'kenzo.vandromme@gmail.com', 'Hazenakker', '3', '9000', 'Gent'),
('KL1099', '1003', 'Yasar', 'Aysima', 'V', 'aysima.yasar@outlook.com', 'Kleinkouterken', '83', '9000', 'Gent'),
('KL1100', '1014', 'Luyckfasseel', 'Jurre', 'M', 'jurre.luyckfasseel@telenet.be', 'Oude-Abdijstraat', '102', '9000', 'Gent'),
('KL1101', '1010', 'Ozen', 'Yaren', 'V', 'yaren.ozen@hotmail.com', 'Struifstraat', '1', '9000', 'Gent'),
('KL1102', '1005', 'Vanderveken', 'Rose', 'V', 'rose.vanderveken@hotmail.com', 'Ekkergemstraat', '14', '9000', 'Gent'),
('KL1103', '1007', 'Vanduffel', 'Aicha', 'V', 'aicha.vanduffel@outlook.com', 'Pleitstraat', '95', '9000', 'Gent'),
('KL1104', '1008', 'Dave', 'Xavier', 'M', 'xavier.dave@gmail.com', 'Invalidenstraat', '22', '9000', 'Gent'),
('KL1105', '1025', 'Rodts', 'Emelie', 'V', 'emelie.rodts@proximus.be', 'Jozef II-straat', '10', '9000', 'Gent'),
('KL1106', '1013', 'Laeveren', 'Viktor', 'M', 'viktor.laeveren@proximus.be', 'Lodewijk van Malestraat', '25', '9000', 'Gent'),
('KL1107', '1024', 'Pourbaix', 'Eloise', 'V', 'eloise.pourbaix@hotmail.com', 'Vinderhoutsedam', '22', '9000', 'Gent'),
('KL1108', '1018', 'Van Craeynest', 'Colin', 'M', 'colin.vancraeynest@hotmail.com', 'Pussemierstraat', '66', '9000', 'Gent'),
('KL1109', '1003', 'Van Broekhoven', 'Branko', 'M', 'branko.vanbroekhoven@proximus.be', 'Scheepvaartstraat', '79', '9000', 'Gent'),
('KL1110', '1007', 'D\'haeseleer', 'Michiel', 'M', 'michiel.dhaeseleer@combell.be', 'Pakketbootpad', '24', '9000', 'Gent'),
('KL1111', '1003', 'Rombauts', 'Nick', 'M', 'nick.rombauts@gmail.com', 'Grensstraat', '20', '9000', 'Gent'),
('KL1112', '1008', 'Lietaert', 'Celia', 'V', 'celia.lietaert@gmail.com', 'Veertienhoekpad', '94', '9000', 'Gent'),
('KL1113', '1003', 'De Brabandere', 'Kenny', 'M', 'kenny.debrabandere@telenet.be', 'Pieter Vanderdoncktdoorgang', '50', '9000', 'Gent'),
('KL1114', '1025', 'Swaelens', 'Marit', 'V', 'marit.swaelens@gmail.com', 'Lindekouterstraat', '55', '9000', 'Gent'),
('KL1115', '1003', 'Lambinon', 'Chiara', 'V', 'chiara.lambinon@hotmail.com', 'Oostendestraat', '2', '9000', 'Gent'),
('KL1116', '1001', 'Van Doorslaer', 'Colin', 'M', 'colin.vandoorslaer@outlook.com', 'Noendries', '98', '9000', 'Gent'),
('KL1117', '1005', 'Leone', 'Lowie', 'M', 'lowie.leone@telenet.be', 'Handekenskruidstraat', '21', '9000', 'Gent'),
('KL1118', '1005', 'Sohet', 'Emily', 'V', 'emily.sohet@combell.be', 'Streepbosstraat', '5', '9000', 'Gent'),
('KL1119', '1015', 'Marx', 'Yassine', 'M', 'yassine.marx@proximus.be', 'Spadestraat', '71', '9000', 'Gent'),
('KL1120', '1012', 'Bajrami', 'Chloé', 'V', 'chloe.bajrami@telenet.be', 'Gustaaf Van Heckelaan', '79', '9000', 'Gent'),
('KL1121', '1012', 'Ghilain', 'Lexi', 'V', 'lexi.ghilain@gmail.com', 'Frans Ackermanstraat', '55', '9000', 'Gent'),
('KL1122', '1021', 'Pesser', 'Zümra', 'V', 'zumra.pesser@telenet.be', 'Vijverhof', '73', '9000', 'Gent'),
('KL1123', '1009', 'Riga', 'Egon', 'M', 'egon.riga@telenet.be', 'Brugwegel', '94', '9070', 'Destelbergen'),
('KL1124', '1017', 'Mans', 'Ellis', 'V', 'ellis.mans@telenet.be', 'Hoorlingstraat', '73', '9070', 'Destelbergen'),
('KL1125', '1015', 'Merlier', 'Emil', 'M', 'emil.merlier@telenet.be', 'Ter Meerenlaan', '4', '9070', 'Destelbergen'),
('KL1126', '1013', 'Van Hoey', 'Mika', 'M', 'mika.vanhoey@hotmail.com', 'Doornzelestraat', '7', '9080', 'Lochristi'),
('KL1127', '1024', 'Colpin', 'Yanis', 'M', 'yanis.colpin@combell.be', 'Berkenstraat', '72', '9080', 'Lochristi'),
('KL1128', '1011', 'Gilliard', 'Mirre', 'V', 'mirre.gilliard@hotmail.com', 'Sint-Baafsdreef', '119', '9080', 'Lochristi'),
('KL1129', '1017', 'Bartier', 'James', 'M', 'james.bartier@combell.be', 'Varingstraat', '77', '9090', 'Melle'),
('KL1130', '1007', 'Dermine', 'Ömer', 'M', 'omer.dermine@hotmail.com', 'Kasteelstraat', '18', '9100', 'Sint-Niklaas'),
('KL1131', '1013', 'Desomer', 'Michael', 'M', 'michael.desomer@outlook.com', 'Rietvelde', '60', '9100', 'Sint-Niklaas'),
('KL1132', '1014', 'Dons', 'Minne', 'V', 'minne.dons@combell.be', 'Belseledorp', '72', '9100', 'Sint-Niklaas'),
('KL1133', '1015', 'Hendrikx', 'Davina', 'V', 'davina.hendrikx@proximus.be', 'Fazantenstraat', '3', '9100', 'Sint-Niklaas'),
('KL1134', '1017', 'Sauveur', 'Polly', 'V', 'polly.sauveur@telenet.be', 'Gentstraat', '42', '9100', 'Sint-Niklaas'),
('KL1135', '1018', 'Van Massenhove', 'Marthe', 'V', 'marthe.vanmassenhove@combell.be', 'Pater Christophestraat', '112', '9100', 'Sint-Niklaas'),
('KL1136', '1018', 'Truyens', 'Caro', 'V', 'caro.truyens@gmail.com', 'Slagmolenstraat', '67', '9100', 'Sint-Niklaas'),
('KL1137', '1001', 'Lanckmans', 'Liam', 'M', 'liam.lanckmans@outlook.com', 'Koning Nobellaan', '25', '9100', 'Sint-Niklaas'),
('KL1138', '1016', 'De Breuck', 'Francis', 'M', 'francis.debreuck@combell.be', 'Galgstraat', '104', '9100', 'Sint-Niklaas'),
('KL1139', '1012', 'Cakmak', 'Lucille', 'V', 'lucille.cakmak@gmail.com', 'August Vermeylenstraat', '15', '9100', 'Sint-Niklaas'),
('KL1140', '1009', 'Windey', 'Elena', 'V', 'elena.windey@gmail.com', 'Schommelaarwegel', '120', '9100', 'Sint-Niklaas'),
('KL1141', '1007', 'Golinvaux', 'Safa', 'V', 'safa.golinvaux@outlook.com', 'Heiakker', '70', '9100', 'Sint-Niklaas'),
('KL1142', '1003', 'Nuyttens', 'Leo', 'M', 'leo.nuyttens@hotmail.com', 'Pontweg', '44', '9140', 'Temse'),
('KL1143', '1015', 'Vanmeerhaeghe', 'Eva', 'V', 'eva.vanmeerhaeghe@combell.be', 'Dahlialaan', '55', '9140', 'Temse'),
('KL1144', '1023', 'Baghdadi', 'Bjorn', 'M', 'bjorn.baghdadi@hotmail.com', 'Sint-Jorisstraat', '87', '9140', 'Temse'),
('KL1145', '1002', 'Maréchal', 'Ilya', 'M', 'ilya.marechal@telenet.be', 'Hermelgem', '108', '9140', 'Temse'),
('KL1146', '1011', 'Vereecken', 'Rayhana', 'V', 'rayhana.vereecken@combell.be', 'Molenstraat', '56', '9150', 'Kruibeke'),
('KL1147', '1015', 'Tratsaert', 'Julie', 'V', 'julie.tratsaert@telenet.be', 'Rozenstraat', '117', '9150', 'Kruibeke'),
('KL1148', '1024', 'Deridder', 'Lyanna', 'V', 'lyanna.deridder@outlook.com', 'Leliestraat', '102', '9150', 'Kruibeke'),
('KL1149', '1023', 'Regnier', 'Zoé', 'V', 'zoe.regnier@outlook.com', 'Pater Damiaanstraat', '95', '9150', 'Kruibeke'),
('KL1150', '1008', 'Marx', 'Emma', 'V', 'emma.marx@combell.be', 'Geeraard de Cremerstraat', '15', '9150', 'Kruibeke'),
('KL1151', '1023', 'Buchet', 'Leona', 'V', 'leona.buchet@combell.be', 'Boerenweg', '81', '9160', 'Lokeren'),
('KL1152', '1004', 'Lampo', 'Fay', 'V', 'fay.lampo@telenet.be', 'Rozenstraat', '97', '9160', 'Lokeren'),
('KL1153', '1019', 'Stroo', 'Penelope', 'V', 'penelope.stroo@telenet.be', 'Nieuwe Stationsstraat', '62', '9160', 'Lokeren'),
('KL1154', '1013', 'Despriet', 'Talha', 'M', 'talha.despriet@combell.be', 'Spinnewielstraat', '69', '9160', 'Lokeren'),
('KL1155', '1003', 'Gysbrechts', 'Thor', 'M', 'thor.gysbrechts@combell.be', 'Armand Wymeerschstraat', '15', '9170', 'Sint-Gillis'),
('KL1156', '1021', 'De Ruyck', 'Ziggy', 'M', 'ziggy.deruyck@telenet.be', 'Hogenakker', '118', '9170', 'Sint-Gillis'),
('KL1157', '1002', 'Vion', 'Cécile', 'V', 'cecile.vion@telenet.be', 'Sint-Franciesdijk', '81', '9185', 'Wachtebeke'),
('KL1158', '1011', 'Decoene', 'Wies', 'M', 'wies.decoene@telenet.be', 'Torenvalkstraat', '28', '9185', 'Wachtebeke'),
('KL1159', '1025', 'Triest', 'Yordi', 'M', 'yordi.triest@hotmail.com', 'Narcissenlaan', '13', '9200', 'Dendermonde'),
('KL1160', '1023', 'Verhees', 'Ella', 'V', 'ella.verhees@outlook.com', 'Jozef Van Bogaertstraat', '17', '9200', 'Dendermonde'),
('KL1161', '1024', 'Carlens', 'Beau', 'V', 'beau.carlens@combell.be', 'Jozef Van Bogaertstraat', '91', '9200', 'Dendermonde'),
('KL1162', '1022', 'Schoonjans', 'Mille', 'V', 'mille.schoonjans@telenet.be', 'Koningswegel', '69', '9230', 'Wetteren'),
('KL1163', '1015', 'Flamant', 'Lars', 'M', 'lars.flamant@telenet.be', 'Bookmolenstraat', '57', '9230', 'Wetteren'),
('KL1164', '1003', 'Cappoen', 'Quentin', 'M', 'quentin.cappoen@outlook.com', 'Ravestraat', '89', '9240', 'Zele'),
('KL1165', '1009', 'Renauld', 'Giulia', 'V', 'giulia.renauld@proximus.be', 'Wijnveld', '80', '9240', 'Zele'),
('KL1166', '1017', 'Schepmans', 'Aria', 'V', 'aria.schepmans@outlook.com', 'Korte Beulestraat', '99', '9250', 'Waasmunster'),
('KL1167', '1020', 'Moons', 'Thibaud', 'M', 'thibaud.moons@telenet.be', 'Grote Baan', '41', '9250', 'Waasmunster'),
('KL1168', '1004', 'Matthys', 'Wolf', 'M', 'wolf.matthys@outlook.com', 'Kruisbaan', '119', '9255', 'Buggenhout'),
('KL1169', '1005', 'Pirson', 'Celia', 'V', 'celia.pirson@telenet.be', 'Kuitelgem', '58', '9255', 'Buggenhout'),
('KL1170', '1009', 'Koolen', 'Ilyana', 'V', 'ilyana.koolen@hotmail.com', 'Burgemeester d\'Hollanderlaan', '75', '9260', 'Wichelen'),
('KL1171', '1009', 'Van Gansen', 'Damien', 'M', 'damien.vangansen@combell.be', 'Koffiestraat', '2', '9270', 'Laarne'),
('KL1172', '1001', 'Pirotte', 'Denzel', 'M', 'denzel.pirotte@combell.be', 'Bellestraat', '21', '9280', 'Lebbeke'),
('KL1173', '1010', 'Kustermans', 'Leo', 'M', 'leo.kustermans@outlook.com', 'Begonialaan', '58', '9280', 'Lebbeke'),
('KL1174', '1002', 'Ranson', 'Timo', 'M', 'timo.ranson@proximus.be', 'Bellestraat', '39', '9280', 'Lebbeke'),
('KL1175', '1009', 'Tonglet', 'Charline', 'V', 'charline.tonglet@combell.be', 'Scheldestraat', '18', '9290', 'Berlare'),
('KL1176', '1025', 'Place', 'Moussa', 'M', 'moussa.place@hotmail.com', 'Schuitje', '43', '9290', 'Berlare'),
('KL1177', '1023', 'De Keuster', 'Safia', 'V', 'safia.dekeuster@gmail.com', 'Kleiweg', '99', '9340', 'Lede'),
('KL1178', '1014', 'Paquot', 'Hafsa', 'V', 'hafsa.paquot@combell.be', 'Koekoekstraat', '27', '9340', 'Lede'),
('KL1179', '1018', 'Parys', 'Quinten', 'M', 'quinten.parys@gmail.com', 'Damstraat', '102', '9340', 'Lede'),
('KL1180', '1010', 'Fraipont', 'Yarno', 'M', 'yarno.fraipont@gmail.com', 'Groenstraat', '17', '9340', 'Lede'),
('KL1181', '1025', 'Barbé', 'Yana', 'V', 'yana.barbe@telenet.be', 'Witherenstraat', '89', '9400', 'Ninove'),
('KL1182', '1010', 'Bensalah', 'Liana', 'V', 'liana.bensalah@proximus.be', 'Dreefstraat', '96', '9400', 'Ninove'),
('KL1183', '1019', 'Van Overmeire', 'Estelle', 'V', 'estelle.vanovermeire@gmail.com', 'Schalkem', '15', '9400', 'Ninove'),
('KL1184', '1012', 'Decloedt', 'Estée', 'V', 'estee.decloedt@gmail.com', 'Kollestraat', '29', '9400', 'Ninove'),
('KL1185', '1010', 'D\'hont', 'Björn', 'M', 'bjorn.dhont@hotmail.com', 'Neigembosstraat', '38', '9400', 'Ninove'),
('KL1186', '1019', 'Saadi', 'Mirthe', 'V', 'mirthe.saadi@hotmail.com', 'Vrijheidstraat', '116', '9400', 'Ninove'),
('KL1187', '1019', 'Salomez', 'Liz', 'V', 'liz.salomez@outlook.com', 'Kerkhofstraat', '55', '9400', 'Ninove'),
('KL1188', '1017', 'Verwerft', 'Elena', 'V', 'elena.verwerft@combell.be', 'Kerkstraat', '61', '9420', 'Erpe-Mere'),
('KL1189', '1018', 'Laloy', 'Riley', 'V', 'riley.laloy@combell.be', 'Mussenzele', '43', '9450', 'Haaltert'),
('KL1190', '1002', 'Debeer', 'Zahra', 'V', 'zahra.debeer@telenet.be', 'Papestraat', '6', '9450', 'Haaltert'),
('KL1191', '1018', 'Bourtembourg', 'Timothy', 'M', 'timothy.bourtembourg@combell.be', 'Dennenstraat', '113', '9470', 'Denderleeuw'),
('KL1192', '1022', 'Peetroons', 'Neyla', 'V', 'neyla.peetroons@proximus.be', 'Middenstraat', '83', '9470', 'Denderleeuw'),
('KL1193', '1021', 'De Corte', 'Jozefien', 'V', 'jozefien.decorte@telenet.be', 'Beukendreef', '9', '9500', 'Moerbeke'),
('KL1194', '1008', 'Pilette', 'Yassine', 'M', 'yassine.pilette@proximus.be', 'Abdijstraat', '74', '9500', 'Geraardsbergen'),
('KL1195', '1009', 'Vlaminck', 'Quinn', 'V', 'quinn.vlaminck@hotmail.com', 'Sint-Adriaanstraat', '112', '9500', 'Geraardsbergen'),
('KL1196', '1019', 'Wallon', 'Aysima', 'V', 'aysima.wallon@gmail.com', 'Kleine Karmelietenstraat', '14', '9500', 'Geraardsbergen'),
('KL1197', '1020', 'Donckers', 'Yentl', 'M', 'yentl.donckers@combell.be', 'Kloostermeersstraat', '75', '9500', 'Geraardsbergen'),
('KL1198', '1004', 'El Bouazzati', 'Fenne', 'V', 'fenne.elbouazzati@proximus.be', 'Sint-Fledericusstraat', '2', '9520', 'Sint-Lievens-Houtem'),
('KL1199', '1019', 'Walraet', 'Ahmed', 'M', 'ahmed.walraet@proximus.be', 'Keiberg', '75', '9520', 'Sint-Lievens-Houtem'),
('KL1200', '1021', 'Noens', 'Angelo', 'M', 'angelo.noens@combell.be', 'Terbiest', '47', '9550', 'Herzele'),
('KL1201', '1012', 'Wolfcarius', 'Sofía', 'V', 'sofía.wolfcarius@outlook.com', 'Bovenstraat', '104', '9550', 'Herzele'),
('KL1202', '1002', 'Hamdan', 'Alessandro', 'M', 'alessandro.hamdan@hotmail.com', 'Kloskensstraat', '72', '9550', 'Herzele'),
('KL1203', '1019', 'Pisvin', 'Phéline', 'V', 'pheline.pisvin@outlook.com', 'Leuzesesteenweg', '9', '9600', 'Ronse'),
('KL1204', '1023', 'Perez', 'Fiene', 'V', 'fiene.perez@outlook.com', 'Mahautveld', '107', '9600', 'Ronse'),
('KL1205', '1003', 'Trekels', 'Oliwia', 'V', 'oliwia.trekels@telenet.be', 'Klein Frankrijkstraat', '76', '9600', 'Ronse'),
('KL1206', '1004', 'Leboutte', 'Alya', 'V', 'alya.leboutte@telenet.be', 'Scherpenberg', '16', '9600', 'Ronse'),
('KL1207', '1003', 'Abazi', 'Defne', 'V', 'defne.abazi@telenet.be', 'Gefusilleerdenlaan', '33', '9600', 'Ronse'),
('KL1208', '1003', 'Reijnders', 'Bjorn', 'M', 'bjorn.reijnders@combell.be', 'Geraardsbergenstraat', '42', '9600', 'Ronse'),
('KL1209', '1003', 'Abeloos', 'Nabil', 'M', 'nabil.abeloos@telenet.be', 'Vijverstraat', '98', '9620', 'Zottegem'),
('KL1210', '1007', 'Van Endert', 'Natalia', 'V', 'natalia.vanendert@gmail.com', 'Populierenstraat', '114', '9620', 'Zottegem'),
('KL1211', '1019', 'Thomsin', 'Cecilia', 'V', 'cecilia.thomsin@combell.be', 'Hemelbroek', '32', '9620', 'Zottegem'),
('KL1212', '1002', 'Palmaers', 'Ewout', 'M', 'ewout.palmaers@proximus.be', 'Haagkouter', '71', '9620', 'Zottegem'),
('KL1213', '1017', 'El Ayadi', 'Morris', 'M', 'morris.elayadi@gmail.com', 'Fresiastraat', '63', '9620', 'Zottegem'),
('KL1214', '1013', 'Foets', 'Robby', 'M', 'robby.foets@proximus.be', 'Berkenpark', '92', '9620', 'Zottegem'),
('KL1215', '1015', 'Cordaro', 'Zayd', 'M', 'zayd.cordaro@combell.be', 'Krassestraat', '15', '9620', 'Zottegem'),
('KL1216', '1010', 'Heyen', 'Anass', 'M', 'anass.heyen@hotmail.com', 'Rozebekeplein', '39', '9630', 'Zwalm'),
('KL1217', '1021', 'Van Dingenen', 'Sten', 'M', 'sten.vandingenen@proximus.be', 'Kortedreef', '13', '9660', 'Brakel'),
('KL1218', '1022', 'Bats', 'Marie-Julie', 'V', 'marie-julie.bats@hotmail.com', 'Herthuizen', '56', '9660', 'Brakel'),
('KL1219', '1019', 'Dumarey', 'Hira', 'V', 'hira.dumarey@combell.be', 'Watermolenstraat', '16', '9660', 'Brakel'),
('KL1220', '1014', 'Ben Salah', 'Natan', 'M', 'natan.bensalah@telenet.be', 'Meierij', '113', '9660', 'Brakel'),
('KL1221', '1014', 'Behiels', 'Igor', 'M', 'igor.behiels@outlook.com', 'Termergelstraat', '60', '9660', 'Brakel'),
('KL1222', '1007', 'Byloos', 'Jorne', 'M', 'jorne.byloos@combell.be', 'Opbrakelsestraat', '88', '9660', 'Brakel'),
('KL1223', '1007', 'Vanhoucke', 'Fien', 'V', 'fien.vanhoucke@combell.be', 'Riebeke', '94', '9660', 'Brakel'),
('KL1224', '1009', 'Lievens', 'Imran', 'M', 'imran.lievens@telenet.be', 'Beukenstraat', '113', '9667', 'Horebeke'),
('KL1225', '1008', 'Vanpée', 'Hasse', 'V', 'hasse.vanpee@combell.be', 'Rijksweg', '61', '9680', 'Maarkedal'),
('KL1226', '1023', 'Vandewiele', 'Maité', 'V', 'maite.vandewiele@telenet.be', 'Biesstraat', '68', '9680', 'Maarkedal'),
('KL1227', '1002', 'Cardinaels', 'Thijs', 'M', 'thijs.cardinaels@proximus.be', 'De Spijker', '65', '9680', 'Maarkedal'),
('KL1228', '1009', 'Daubie', 'Liesl', 'V', 'liesl.daubie@telenet.be', 'Fortstraat', '46', '9680', 'Maarkedal'),
('KL1229', '1021', 'Blondeel', 'Fie', 'V', 'fie.blondeel@outlook.com', 'Molenstraat', '89', '9690', 'Kluisbergen'),
('KL1230', '1024', 'Brison', 'Merve', 'V', 'merve.brison@outlook.com', 'Natusdreef', '46', '9700', 'Oudenaarde'),
('KL1231', '1019', 'Hooft', 'Annelien', 'V', 'annelien.hooft@combell.be', 'Apostolinnenplein', '58', '9700', 'Oudenaarde'),
('KL1232', '1025', 'Destrebecq', 'Joren', 'M', 'joren.destrebecq@proximus.be', 'Parkstraat', '78', '9700', 'Oudenaarde'),
('KL1233', '1020', 'Van der Spiegel', 'Aïcha', 'V', 'aïcha.vanderspiegel@outlook.com', 'Marktweg', '113', '9790', 'Wortegem-Petegem'),
('KL1234', '1021', 'Klinkenberg', 'Manuel', 'M', 'manuel.klinkenberg@hotmail.com', 'Biesbosstraat', '64', '9790', 'Wortegem-Petegem'),
('KL1235', '1020', 'Mignon', 'Jarne', 'M', 'jarne.mignon@telenet.be', 'Tweekoningenstraat', '35', '9800', 'Deinze'),
('KL1236', '1025', 'Bulté', 'Seth', 'M', 'seth.bulte@telenet.be', 'Maaigemdijk', '86', '9800', 'Deinze'),
('KL1237', '1013', 'Michaux', 'Jutta', 'V', 'jutta.michaux@proximus.be', 'Basiel De Craenestraat', '29', '9800', 'Deinze'),
('KL1238', '1008', 'Crespin', 'Joachim', 'M', 'joachim.crespin@hotmail.com', 'Galgeveldstraat', '86', '9820', 'Merelbeke'),
('KL1239', '1015', 'Henno', 'Lucy', 'V', 'lucy.henno@gmail.com', 'Guido Gezellelaan', '3', '9820', 'Merelbeke'),
('KL1240', '1017', 'Dehez', 'Sebastian', 'M', 'sebastian.dehez@gmail.com', 'Rietweg', '11', '9820', 'Merelbeke'),
('KL1241', '1001', 'Monsieur', 'Jordi', 'M', 'jordi.monsieur@combell.be', 'Abrikozenstraat', '92', '9820', 'Merelbeke'),
('KL1242', '1014', 'Vancauwenbergh', 'Marilyn', 'V', 'marilyn.vancauwenbergh@hotmail.com', 'Olmstraat', '19', '9820', 'Merelbeke'),
('KL1243', '1024', 'Poulet', 'Selma', 'V', 'selma.poulet@outlook.com', 'Melsenbeekstraat', '37', '9820', 'Merelbeke'),
('KL1244', '1008', 'Pannier', 'Jordan', 'M', 'jordan.pannier@outlook.com', 'Esdreef', '18', '9820', 'Merelbeke'),
('KL1245', '1022', 'Noël', 'Jasmijn', 'V', 'jasmijn.noel@telenet.be', 'Meesteriepad', '6', '9850', 'Nevele'),
('KL1246', '1013', 'Langhendries', 'Shane', 'M', 'shane.langhendries@outlook.com', 'Overpoeke', '116', '9850', 'Nevele'),
('KL1247', '1023', 'Borghs', 'Lis', 'V', 'lis.borghs@telenet.be', 'Borluutlaan', '93', '9850', 'Nevele'),
('KL1248', '1010', 'Daumerie', 'Yorben', 'M', 'yorben.daumerie@telenet.be', 'Vaart Rechts', '52', '9850', 'Nevele'),
('KL1249', '1007', 'Minnaert', 'Ymke', 'V', 'ymke.minnaert@hotmail.com', 'Meigemstraat', '64', '9850', 'Nevele'),
('KL1250', '1002', 'Lamberts', 'Michiel', 'M', 'michiel.lamberts@telenet.be', 'Mussestraat', '4', '9860', 'Oosterzele'),
('KL1251', '1025', 'Winkelmans', 'Minne', 'V', 'minne.winkelmans@hotmail.com', 'Schoolstraat', '5', '9860', 'Oosterzele'),
('KL1252', '1011', 'Lazou', 'Thibeau', 'M', 'thibeau.lazou@proximus.be', 'Hemelstraat', '77', '9860', 'Oosterzele'),
('KL1253', '1001', 'Vanherle', 'Zahra', 'V', 'zahra.vanherle@telenet.be', 'Vijverstraat', '42', '9860', 'Oosterzele'),
('KL1254', '1008', 'El Mokhtari', 'Yunus', 'M', 'yunus.elmokhtari@gmail.com', 'Bavegemstraat', '86', '9860', 'Oosterzele'),
('KL1255', '1005', 'Piérart', 'Yarne', 'M', 'yarne.pierart@proximus.be', 'Wetterse steenweg', '77', '9860', 'Oosterzele'),
('KL1256', '1007', 'Memeti', 'Lorenzo', 'M', 'lorenzo.memeti@combell.be', 'Olsenestraat', '63', '9870', 'Zulte'),
('KL1257', '1012', 'Nees', 'Lune', 'V', 'lune.nees@combell.be', 'Rechteroever', '21', '9870', 'Zulte'),
('KL1258', '1012', 'Jardon', 'Jorben', 'M', 'jorben.jardon@outlook.com', 'Grammenestraat', '115', '9870', 'Zulte'),
('KL1259', '1012', 'Defosse', 'James', 'M', 'james.defosse@hotmail.com', 'Bergstraat', '93', '9880', 'Aalter'),
('KL1260', '1023', 'Baekelandt', 'Feline', 'V', 'feline.baekelandt@gmail.com', 'Rerum Novarumstraat', '31', '9880', 'Aalter'),
('KL1261', '1022', 'Drijkoningen', 'Corneel', 'M', 'corneel.drijkoningen@combell.be', 'Korenbloemstraat', '1', '9880', 'Aalter'),
('KL1262', '1002', 'Dickens', 'Mohamed', 'M', 'mohamed.dickens@telenet.be', 'Burchtweg', '55', '9890', 'Gavere'),
('KL1263', '1014', 'Cannella', 'Ernest', 'M', 'ernest.cannella@gmail.com', 'Blokstraat', '17', '9890', 'Gavere'),
('KL1264', '1019', 'Pittevils', 'Bjarne', 'M', 'bjarne.pittevils@hotmail.com', 'Prosper Heysestraat', '94', '9890', 'Gavere'),
('KL1265', '1020', 'Van Helden', 'Chiel', 'M', 'chiel.vanhelden@telenet.be', 'Burgemeester P. Ceuterickstraat', '11', '9890', 'Gavere'),
('KL1266', '1012', 'Bosquet', 'Ian', 'M', 'ian.bosquet@proximus.be', 'Markt', '4', '9900', 'Eeklo'),
('KL1267', '1025', 'Rommens', 'Rhune', 'M', 'rhune.rommens@combell.be', 'Liesgrasstraat', '64', '9900', 'Eeklo'),
('KL1268', '1004', 'Rottiers', 'Ilano', 'M', 'ilano.rottiers@telenet.be', 'Sterrestraat', '67', '9900', 'Eeklo'),
('KL1269', '1005', 'Vandesande', 'Axelle', 'V', 'axelle.vandesande@outlook.com', 'Vrijlaathoek', '72', '9900', 'Eeklo'),
('KL1270', '1005', 'Appelmans', 'Guillaume', 'M', 'guillaume.appelmans@outlook.com', 'Sint - Elooistraat', '51', '9900', 'Eeklo'),
('KL1271', '1021', 'Wulteputte', 'Isabella', 'V', 'isabella.wulteputte@telenet.be', 'Koning Albertstraat', '23', '9900', 'Eeklo'),
('KL1272', '1012', 'Duvinage', 'Renée', 'V', 'renee.duvinage@combell.be', 'Slachthuisstraat', '47', '9900', 'Eeklo'),
('KL1273', '1018', 'Priels', 'Moon', 'V', 'moon.priels@hotmail.com', 'Groenevijvers', '45', '9910', 'Knesselare'),
('KL1274', '1009', 'Luykx', 'Fiene', 'V', 'fiene.luykx@hotmail.com', 'Molenstraat', '112', '9930', 'Zomergem'),
('KL1275', '1009', 'De Ceulaer', 'Joseph', 'M', 'joseph.deceulaer@proximus.be', 'Akerslootlaan', '53', '9940', 'Evergem'),
('KL1276', '1024', 'El Moussaoui', 'Kyle', 'M', 'kyle.elmoussaoui@proximus.be', 'Rembrandtlaan', '115', '9940', 'Evergem'),
('KL1277', '1023', 'Strybos', 'Lode', 'M', 'lode.strybos@hotmail.com', 'Belzeelsdreefken', '28', '9940', 'Evergem'),
('KL1278', '1011', 'Daloze', 'Kevin', 'M', 'kevin.daloze@combell.be', 'Warmoesstraat', '66', '9940', 'Evergem'),
('KL1279', '1023', 'Germeys', 'Burak', 'M', 'burak.germeys@hotmail.com', 'Valkstraat', '91', '9940', 'Evergem'),
('KL1280', '1004', 'Debeer', 'Jeremy', 'M', 'jeremy.debeer@combell.be', 'Daasdonk', '59', '9950', 'Waarschoot'),
('KL1281', '1023', 'Payen', 'Jolan', 'M', 'jolan.payen@telenet.be', 'Christiaan Verougstraetelaan', '92', '9960', 'Assenede'),
('KL1282', '1004', 'Blockeel', 'Lars', 'M', 'lars.blockeel@gmail.com', 'Koning Albertstraat', '17', '9960', 'Assenede'),
('KL1283', '1012', 'Aertsen', 'Aysima', 'V', 'aysima.aertsen@telenet.be', 'Kleine Zuidstraat', '14', '9970', 'Kaprijke'),
('KL1284', '1004', 'Chatar', 'Marnix', 'M', 'marnix.chatar@combell.be', 'Vlamingstraat', '51', '9980', 'Sint-Laureins'),
('KL1285', '1005', 'Öz', 'Nell', 'V', 'nell.oz@gmail.com', 'Steentjes', '100', '9980', 'Sint-Laureins'),
('KL1286', '1010', 'Potier', 'Jaron', 'M', 'jaron.potier@proximus.be', 'Haakdreef', '18', '9990', 'Maldegem'),
('KL1287', '1007', 'Farkas', 'Mohamed', 'M', 'mohamed.farkas@proximus.be', 'Industrielaan', '44', '9990', 'Maldegem'),
('KL1288', '1016', 'Mairiaux', 'Azra', 'V', 'azra.mairiaux@combell.be', 'Prins Boudewijnlaan', '86', '9990', 'Maldegem'),
('KL1289', '1016', 'Riche', 'Elisabeth', 'V', 'elisabeth.riche@combell.be', 'Boomstraatje', '71', '9990', 'Maldegem'),
('KL1290', '1003', 'Steenhout', 'Mustafa', 'M', 'mustafa.steenhout@combell.be', 'Onderdijke', '12', '9990', 'Maldegem');

-- --------------------------------------------------------

--
-- Tabelstructuur voor tabel `tblnieuwsbrief`
--

CREATE TABLE `tblnieuwsbrief` (
  `email` varchar(80) COLLATE utf8_unicode_ci NOT NULL
) ENGINE=InnoDB DEFAULT CHARSET=utf8 COLLATE=utf8_unicode_ci;

--
-- Gegevens worden geëxporteerd voor tabel `tblnieuwsbrief`
--

INSERT INTO `tblnieuwsbrief` (`email`) VALUES
('carlo.verniers@telenet.be'),
('georgette.sante@icloud.com'),
('rian.vincke@telenet.be');

-- --------------------------------------------------------

--
-- Tabelstructuur voor tabel `tblorderlijnen`
--

CREATE TABLE `tblorderlijnen` (
  `lijnID` varchar(14) COLLATE utf8_unicode_ci NOT NULL,
  `orderID` varchar(10) COLLATE utf8_unicode_ci NOT NULL,
  `artikel` varchar(7) COLLATE utf8_unicode_ci NOT NULL,
  `stuks` int(11) NOT NULL
) ENGINE=InnoDB DEFAULT CHARSET=utf8 COLLATE=utf8_unicode_ci;

--
-- Gegevens worden geëxporteerd voor tabel `tblorderlijnen`
--

INSERT INTO `tblorderlijnen` (`lijnID`, `orderID`, `artikel`, `stuks`) VALUES
('lijn1001', 'order1001', 'art0102', 2),
('lijn1002', 'order1001', 'art0114', 4),
('lijn1003', 'order1001', 'art0108', 3),
('lijn1004', 'order1002', 'art0105', 1),
('lijn1005', 'order1003', 'art0115', 1),
('lijn1006', 'order1004', 'art0108', 1),
('lijn1007', 'order1004', 'art0101', 6),
('lijn1008', 'order1005', 'art0111', 1),
('lijn1009', 'order1005', 'art0115', 2),
('lijn1010', 'order1006', 'art0114', 4),
('lijn1011', 'order1006', 'art0109', 5),
('lijn1012', 'order1007', 'art0107', 7),
('lijn1013', 'order1007', 'art0115', 1),
('lijn1014', 'order1008', 'art0110', 4),
('lijn1015', 'order1008', 'art0109', 6),
('lijn1016', 'order1009', 'art0108', 4),
('lijn1017', 'order1009', 'art0111', 3),
('lijn1018', 'order1010', 'art0113', 6),
('lijn1019', 'order1010', 'art0112', 1),
('lijn1020', 'order1010', 'art0109', 4),
('lijn1021', 'order1011', 'art0108', 2),
('lijn1022', 'order1011', 'art0102', 5),
('lijn1023', 'order1011', 'art0108', 6),
('lijn1024', 'order1011', 'art0104', 2),
('lijn1025', 'order1012', 'art0101', 1),
('lijn1026', 'order1012', 'art0102', 3),
('lijn1027', 'order1013', 'art0104', 8),
('lijn1028', 'order1013', 'art0101', 8),
('lijn1029', 'order1014', 'art0115', 5),
('lijn1030', 'order1014', 'art0111', 3),
('lijn1031', 'order1015', 'art0112', 5),
('lijn1032', 'order1015', 'art0106', 2),
('lijn1033', 'order1016', 'art0106', 5),
('lijn1034', 'order1016', 'art0114', 4),
('lijn1035', 'order1016', 'art0115', 1),
('lijn1036', 'order1017', 'art0110', 8),
('lijn1037', 'order1018', 'art0107', 6),
('lijn1038', 'order1019', 'art0106', 4),
('lijn1039', 'order1019', 'art0109', 3),
('lijn1040', 'order1020', 'art0115', 2),
('lijn1041', 'order1021', 'art0112', 5),
('lijn1042', 'order1022', 'art0113', 4),
('lijn1043', 'order1023', 'art0102', 4),
('lijn1044', 'order1023', 'art0110', 6),
('lijn1045', 'order1024', 'art0113', 8),
('lijn1046', 'order1025', 'art0116', 4),
('lijn1047', 'order1026', 'art0114', 8),
('lijn1048', 'order1026', 'art0110', 4),
('lijn1049', 'order1027', 'art0111', 8),
('lijn1050', 'order1027', 'art0115', 2),
('lijn1051', 'order1027', 'art0112', 8),
('lijn1052', 'order1027', 'art0112', 8),
('lijn1053', 'order1027', 'art0106', 3),
('lijn1054', 'order1027', 'art0101', 6),
('lijn1055', 'order1028', 'art0108', 7),
('lijn1056', 'order1028', 'art0101', 7),
('lijn1057', 'order1029', 'art0105', 3),
('lijn1058', 'order1029', 'art0116', 3),
('lijn1059', 'order1029', 'art0112', 4),
('lijn1060', 'order1030', 'art0114', 2),
('lijn1061', 'order1031', 'art0103', 6),
('lijn1062', 'order1031', 'art0116', 5),
('lijn1063', 'order1032', 'art0105', 1),
('lijn1064', 'order1033', 'art0113', 3),
('lijn1065', 'order1033', 'art0110', 1),
('lijn1066', 'order1034', 'art0103', 3),
('lijn1067', 'order1035', 'art0107', 3),
('lijn1068', 'order1035', 'art0115', 1),
('lijn1069', 'order1036', 'art0116', 5),
('lijn1070', 'order1036', 'art0105', 1),
('lijn1071', 'order1037', 'art0104', 7),
('lijn1072', 'order1037', 'art0102', 2),
('lijn1073', 'order1038', 'art0104', 8),
('lijn1074', 'order1038', 'art0103', 7),
('lijn1075', 'order1038', 'art0109', 6),
('lijn1076', 'order1039', 'art0103', 3),
('lijn1077', 'order1039', 'art0101', 6),
('lijn1078', 'order1040', 'art0116', 6),
('lijn1079', 'order1040', 'art0103', 2),
('lijn1080', 'order1040', 'art0111', 1),
('lijn1081', 'order1040', 'art0112', 7),
('lijn1082', 'order1040', 'art0105', 7),
('lijn1083', 'order1040', 'art0103', 1),
('lijn1084', 'order1041', 'art0106', 5),
('lijn1085', 'order1041', 'art0113', 1),
('lijn1086', 'order1041', 'art0103', 2),
('lijn1087', 'order1042', 'art0108', 6),
('lijn1088', 'order1042', 'art0102', 4),
('lijn1089', 'order1043', 'art0107', 6),
('lijn1090', 'order1043', 'art0104', 6),
('lijn1091', 'order1044', 'art0103', 6),
('lijn1092', 'order1044', 'art0101', 1),
('lijn1093', 'order1044', 'art0104', 1),
('lijn1094', 'order1045', 'art0109', 8),
('lijn1095', 'order1045', 'art0102', 3),
('lijn1096', 'order1046', 'art0108', 4),
('lijn1097', 'order1047', 'art0115', 3),
('lijn1098', 'order1048', 'art0114', 7),
('lijn1099', 'order1048', 'art0113', 7),
('lijn1100', 'order1048', 'art0108', 2),
('lijn1101', 'order1049', 'art0101', 3),
('lijn1102', 'order1050', 'art0104', 2),
('lijn1103', 'order1050', 'art0111', 5),
('lijn1104', 'order1051', 'art0106', 7),
('lijn1105', 'order1051', 'art0113', 8),
('lijn1106', 'order1051', 'art0112', 2),
('lijn1107', 'order1052', 'art0114', 5),
('lijn1108', 'order1052', 'art0106', 4),
('lijn1109', 'order1052', 'art0107', 2),
('lijn1110', 'order1053', 'art0114', 7),
('lijn1111', 'order1053', 'art0109', 2),
('lijn1112', 'order1053', 'art0113', 1),
('lijn1113', 'order1053', 'art0114', 8),
('lijn1114', 'order1054', 'art0115', 4),
('lijn1115', 'order1054', 'art0109', 1),
('lijn1116', 'order1055', 'art0107', 2),
('lijn1117', 'order1055', 'art0110', 1),
('lijn1118', 'order1056', 'art0108', 7),
('lijn1119', 'order1056', 'art0105', 8),
('lijn1120', 'order1057', 'art0114', 7),
('lijn1121', 'order1057', 'art0116', 2),
('lijn1122', 'order1058', 'art0113', 5),
('lijn1123', 'order1058', 'art0111', 4),
('lijn1124', 'order1059', 'art0109', 6),
('lijn1125', 'order1059', 'art0109', 2),
('lijn1126', 'order1060', 'art0105', 5),
('lijn1127', 'order1061', 'art0101', 3),
('lijn1128', 'order1062', 'art0106', 6),
('lijn1129', 'order1062', 'art0102', 2),
('lijn1130', 'order1062', 'art0108', 4),
('lijn1131', 'order1063', 'art0106', 7),
('lijn1132', 'order1063', 'art0114', 1),
('lijn1133', 'order1063', 'art0104', 3),
('lijn1134', 'order1064', 'art0114', 6),
('lijn1135', 'order1064', 'art0111', 1),
('lijn1136', 'order1064', 'art0114', 6),
('lijn1137', 'order1064', 'art0104', 7),
('lijn1138', 'order1065', 'art0111', 6),
('lijn1139', 'order1065', 'art0113', 8),
('lijn1140', 'order1066', 'art0116', 8),
('lijn1141', 'order1066', 'art0105', 6),
('lijn1142', 'order1066', 'art0105', 1),
('lijn1143', 'order1067', 'art0103', 1),
('lijn1144', 'order1067', 'art0108', 3),
('lijn1145', 'order1067', 'art0102', 3),
('lijn1146', 'order1068', 'art0103', 3),
('lijn1147', 'order1069', 'art0101', 1),
('lijn1148', 'order1069', 'art0104', 7),
('lijn1149', 'order1070', 'art0106', 6),
('lijn1150', 'order1070', 'art0110', 8),
('lijn1151', 'order1070', 'art0116', 2),
('lijn1152', 'order1071', 'art0112', 1),
('lijn1153', 'order1071', 'art0101', 5),
('lijn1154', 'order1072', 'art0105', 3),
('lijn1155', 'order1072', 'art0105', 6),
('lijn1156', 'order1073', 'art0112', 7),
('lijn1157', 'order1074', 'art0114', 5),
('lijn1158', 'order1074', 'art0106', 5),
('lijn1159', 'order1074', 'art0104', 1),
('lijn1160', 'order1074', 'art0110', 4),
('lijn1161', 'order1074', 'art0108', 8),
('lijn1162', 'order1075', 'art0108', 1),
('lijn1163', 'order1075', 'art0104', 4),
('lijn1164', 'order1076', 'art0108', 5),
('lijn1165', 'order1076', 'art0106', 6),
('lijn1166', 'order1077', 'art0112', 4),
('lijn1167', 'order1077', 'art0108', 6),
('lijn1168', 'order1077', 'art0105', 2),
('lijn1169', 'order1078', 'art0102', 8),
('lijn1170', 'order1078', 'art0104', 2),
('lijn1171', 'order1079', 'art0107', 2),
('lijn1172', 'order1079', 'art0113', 2),
('lijn1173', 'order1080', 'art0116', 1),
('lijn1174', 'order1081', 'art0101', 7),
('lijn1175', 'order1082', 'art0113', 8),
('lijn1176', 'order1082', 'art0107', 8),
('lijn1177', 'order1082', 'art0103', 5),
('lijn1178', 'order1083', 'art0102', 1),
('lijn1179', 'order1083', 'art0105', 6),
('lijn1180', 'order1084', 'art0106', 5),
('lijn1181', 'order1084', 'art0106', 3),
('lijn1182', 'order1084', 'art0112', 4),
('lijn1183', 'order1085', 'art0105', 8),
('lijn1184', 'order1085', 'art0105', 7),
('lijn1185', 'order1085', 'art0116', 5),
('lijn1186', 'order1085', 'art0113', 3),
('lijn1187', 'order1086', 'art0113', 1),
('lijn1188', 'order1087', 'art0108', 2),
('lijn1189', 'order1087', 'art0101', 8),
('lijn1190', 'order1088', 'art0109', 2),
('lijn1191', 'order1088', 'art0108', 8),
('lijn1192', 'order1089', 'art0103', 5),
('lijn1193', 'order1089', 'art0116', 1),
('lijn1194', 'order1089', 'art0109', 5),
('lijn1195', 'order1090', 'art0102', 1),
('lijn1196', 'order1091', 'art0114', 3),
('lijn1197', 'order1091', 'art0114', 4),
('lijn1198', 'order1091', 'art0108', 5),
('lijn1199', 'order1091', 'art0101', 6),
('lijn1200', 'order1092', 'art0106', 5),
('lijn1201', 'order1092', 'art0101', 4),
('lijn1202', 'order1093', 'art0107', 1),
('lijn1203', 'order1093', 'art0108', 2),
('lijn1204', 'order1093', 'art0107', 8),
('lijn1205', 'order1094', 'art0114', 6),
('lijn1206', 'order1095', 'art0105', 8),
('lijn1207', 'order1096', 'art0110', 3),
('lijn1208', 'order1096', 'art0114', 2),
('lijn1209', 'order1097', 'art0102', 3),
('lijn1210', 'order1097', 'art0104', 6),
('lijn1211', 'order1098', 'art0115', 6),
('lijn1212', 'order1098', 'art0106', 6),
('lijn1213', 'order1098', 'art0107', 1),
('lijn1214', 'order1099', 'art0112', 2),
('lijn1215', 'order1099', 'art0109', 1),
('lijn1216', 'order1100', 'art0109', 5),
('lijn1217', 'order1100', 'art0104', 3),
('lijn1218', 'order1100', 'art0113', 8),
('lijn1219', 'order1101', 'art0105', 7),
('lijn1220', 'order1101', 'art0111', 8),
('lijn1221', 'order1101', 'art0104', 4),
('lijn1222', 'order1101', 'art0103', 5),
('lijn1223', 'order1102', 'art0103', 4),
('lijn1224', 'order1102', 'art0102', 1),
('lijn1225', 'order1102', 'art0108', 8),
('lijn1226', 'order1103', 'art0109', 4),
('lijn1227', 'order1104', 'art0112', 8),
('lijn1228', 'order1104', 'art0112', 5),
('lijn1229', 'order1105', 'art0105', 2),
('lijn1230', 'order1105', 'art0107', 2),
('lijn1231', 'order1106', 'art0101', 5),
('lijn1232', 'order1106', 'art0109', 3),
('lijn1233', 'order1107', 'art0108', 8),
('lijn1234', 'order1107', 'art0108', 3),
('lijn1235', 'order1108', 'art0108', 8),
('lijn1236', 'order1109', 'art0101', 1),
('lijn1237', 'order1109', 'art0110', 1),
('lijn1238', 'order1109', 'art0107', 5),
('lijn1239', 'order1109', 'art0101', 3),
('lijn1240', 'order1110', 'art0108', 7),
('lijn1241', 'order1111', 'art0110', 3),
('lijn1242', 'order1112', 'art0109', 8),
('lijn1243', 'order1112', 'art0108', 1),
('lijn1244', 'order1112', 'art0114', 1),
('lijn1245', 'order1113', 'art0107', 6),
('lijn1246', 'order1113', 'art0104', 7),
('lijn1247', 'order1113', 'art0106', 7),
('lijn1248', 'order1114', 'art0102', 7),
('lijn1249', 'order1115', 'art0109', 4),
('lijn1250', 'order1115', 'art0110', 6),
('lijn1251', 'order1116', 'art0101', 1),
('lijn1252', 'order1116', 'art0112', 3),
('lijn1253', 'order1117', 'art0101', 5),
('lijn1254', 'order1118', 'art0113', 1),
('lijn1255', 'order1118', 'art0105', 3),
('lijn1256', 'order1118', 'art0104', 8),
('lijn1257', 'order1119', 'art0103', 4),
('lijn1258', 'order1119', 'art0105', 6),
('lijn1259', 'order1119', 'art0115', 5),
('lijn1260', 'order1119', 'art0109', 1),
('lijn1261', 'order1119', 'art0102', 7),
('lijn1262', 'order1120', 'art0113', 4),
('lijn1263', 'order1121', 'art0103', 1),
('lijn1264', 'order1122', 'art0101', 8),
('lijn1265', 'order1123', 'art0108', 3),
('lijn1266', 'order1124', 'art0115', 4),
('lijn1267', 'order1124', 'art0108', 4),
('lijn1268', 'order1125', 'art0110', 8),
('lijn1269', 'order1126', 'art0106', 7),
('lijn1270', 'order1126', 'art0109', 3),
('lijn1271', 'order1127', 'art0111', 2),
('lijn1272', 'order1127', 'art0103', 7),
('lijn1273', 'order1127', 'art0113', 1),
('lijn1274', 'order1127', 'art0116', 8),
('lijn1275', 'order1128', 'art0110', 7),
('lijn1276', 'order1128', 'art0107', 8),
('lijn1277', 'order1128', 'art0111', 4),
('lijn1278', 'order1128', 'art0104', 8),
('lijn1279', 'order1129', 'art0113', 6),
('lijn1280', 'order1129', 'art0110', 3),
('lijn1281', 'order1129', 'art0109', 3),
('lijn1282', 'order1129', 'art0101', 4),
('lijn1283', 'order1130', 'art0113', 2),
('lijn1284', 'order1130', 'art0107', 2),
('lijn1285', 'order1131', 'art0115', 7),
('lijn1286', 'order1131', 'art0109', 4),
('lijn1287', 'order1131', 'art0104', 4),
('lijn1288', 'order1131', 'art0112', 1),
('lijn1289', 'order1132', 'art0105', 6),
('lijn1290', 'order1132', 'art0101', 3),
('lijn1291', 'order1133', 'art0115', 4),
('lijn1292', 'order1133', 'art0104', 3),
('lijn1293', 'order1133', 'art0113', 5),
('lijn1294', 'order1134', 'art0116', 3),
('lijn1295', 'order1134', 'art0114', 5),
('lijn1296', 'order1135', 'art0104', 4),
('lijn1297', 'order1136', 'art0107', 6),
('lijn1298', 'order1136', 'art0116', 6),
('lijn1299', 'order1136', 'art0107', 2),
('lijn1300', 'order1137', 'art0104', 2),
('lijn1301', 'order1138', 'art0116', 8),
('lijn1302', 'order1138', 'art0116', 4),
('lijn1303', 'order1138', 'art0104', 7),
('lijn1304', 'order1139', 'art0114', 5),
('lijn1305', 'order1140', 'art0104', 6),
('lijn1306', 'order1140', 'art0116', 2),
('lijn1307', 'order1140', 'art0104', 3),
('lijn1308', 'order1141', 'art0113', 8),
('lijn1309', 'order1141', 'art0109', 1),
('lijn1310', 'order1142', 'art0104', 7),
('lijn1311', 'order1142', 'art0102', 8),
('lijn1312', 'order1143', 'art0112', 7),
('lijn1313', 'order1143', 'art0115', 2),
('lijn1314', 'order1144', 'art0106', 6),
('lijn1315', 'order1144', 'art0110', 1),
('lijn1316', 'order1144', 'art0107', 7),
('lijn1317', 'order1145', 'art0110', 4),
('lijn1318', 'order1145', 'art0106', 7),
('lijn1319', 'order1145', 'art0104', 4),
('lijn1320', 'order1145', 'art0113', 7),
('lijn1321', 'order1146', 'art0107', 5),
('lijn1322', 'order1147', 'art0115', 7),
('lijn1323', 'order1147', 'art0108', 3),
('lijn1324', 'order1148', 'art0103', 3),
('lijn1325', 'order1148', 'art0114', 8),
('lijn1326', 'order1149', 'art0112', 4),
('lijn1327', 'order1150', 'art0109', 2),
('lijn1328', 'order1150', 'art0113', 1),
('lijn1329', 'order1150', 'art0106', 2),
('lijn1330', 'order1150', 'art0108', 2),
('lijn1331', 'order1151', 'art0116', 4),
('lijn1332', 'order1152', 'art0101', 3),
('lijn1333', 'order1152', 'art0110', 3),
('lijn1334', 'order1152', 'art0115', 2),
('lijn1335', 'order1152', 'art0111', 7),
('lijn1336', 'order1152', 'art0115', 6),
('lijn1337', 'order1153', 'art0114', 4),
('lijn1338', 'order1153', 'art0114', 3),
('lijn1339', 'order1154', 'art0111', 3),
('lijn1340', 'order1154', 'art0116', 8),
('lijn1341', 'order1154', 'art0116', 2),
('lijn1342', 'order1155', 'art0106', 5),
('lijn1343', 'order1155', 'art0110', 5),
('lijn1344', 'order1155', 'art0101', 4),
('lijn1345', 'order1155', 'art0114', 1),
('lijn1346', 'order1156', 'art0116', 5),
('lijn1347', 'order1156', 'art0112', 6),
('lijn1348', 'order1157', 'art0105', 3),
('lijn1349', 'order1157', 'art0111', 7),
('lijn1350', 'order1158', 'art0111', 6),
('lijn1351', 'order1158', 'art0106', 3),
('lijn1352', 'order1159', 'art0106', 3),
('lijn1353', 'order1159', 'art0109', 2),
('lijn1354', 'order1159', 'art0112', 1),
('lijn1355', 'order1160', 'art0115', 8),
('lijn1356', 'order1160', 'art0111', 8),
('lijn1357', 'order1160', 'art0110', 4),
('lijn1358', 'order1161', 'art0101', 7),
('lijn1359', 'order1161', 'art0108', 2),
('lijn1360', 'order1161', 'art0108', 6),
('lijn1361', 'order1161', 'art0115', 7),
('lijn1362', 'order1162', 'art0113', 3),
('lijn1363', 'order1163', 'art0115', 5),
('lijn1364', 'order1163', 'art0110', 8),
('lijn1365', 'order1164', 'art0102', 8),
('lijn1366', 'order1164', 'art0105', 8),
('lijn1367', 'order1165', 'art0101', 3),
('lijn1368', 'order1165', 'art0103', 2),
('lijn1369', 'order1166', 'art0104', 2),
('lijn1370', 'order1166', 'art0107', 8),
('lijn1371', 'order1167', 'art0110', 1),
('lijn1372', 'order1167', 'art0102', 5),
('lijn1373', 'order1167', 'art0108', 8),
('lijn1374', 'order1168', 'art0103', 1),
('lijn1375', 'order1169', 'art0114', 2),
('lijn1376', 'order1169', 'art0104', 7),
('lijn1377', 'order1169', 'art0116', 1),
('lijn1378', 'order1170', 'art0106', 8),
('lijn1379', 'order1170', 'art0109', 8),
('lijn1380', 'order1170', 'art0103', 2),
('lijn1381', 'order1171', 'art0106', 7),
('lijn1382', 'order1171', 'art0112', 3),
('lijn1383', 'order1172', 'art0114', 3),
('lijn1384', 'order1172', 'art0109', 7),
('lijn1385', 'order1172', 'art0113', 5),
('lijn1386', 'order1172', 'art0114', 4),
('lijn1387', 'order1172', 'art0113', 8),
('lijn1388', 'order1173', 'art0106', 5),
('lijn1389', 'order1173', 'art0113', 1),
('lijn1390', 'order1174', 'art0104', 2),
('lijn1391', 'order1174', 'art0103', 6),
('lijn1392', 'order1175', 'art0108', 7),
('lijn1393', 'order1175', 'art0116', 3),
('lijn1394', 'order1176', 'art0104', 4),
('lijn1395', 'order1176', 'art0108', 6),
('lijn1396', 'order1176', 'art0103', 6),
('lijn1397', 'order1177', 'art0111', 1),
('lijn1398', 'order1177', 'art0113', 3),
('lijn1399', 'order1177', 'art0111', 5),
('lijn1400', 'order1178', 'art0111', 4),
('lijn1401', 'order1178', 'art0104', 3),
('lijn1402', 'order1178', 'art0115', 4),
('lijn1403', 'order1179', 'art0105', 7),
('lijn1404', 'order1180', 'art0111', 5),
('lijn1405', 'order1180', 'art0114', 2),
('lijn1406', 'order1180', 'art0104', 1),
('lijn1407', 'order1181', 'art0108', 3),
('lijn1408', 'order1181', 'art0114', 2),
('lijn1409', 'order1181', 'art0114', 6),
('lijn1410', 'order1181', 'art0103', 2),
('lijn1411', 'order1182', 'art0104', 6),
('lijn1412', 'order1182', 'art0115', 6),
('lijn1413', 'order1182', 'art0116', 3),
('lijn1414', 'order1183', 'art0110', 3),
('lijn1415', 'order1184', 'art0103', 7),
('lijn1416', 'order1184', 'art0107', 6),
('lijn1417', 'order1184', 'art0105', 6),
('lijn1418', 'order1185', 'art0108', 7),
('lijn1419', 'order1186', 'art0113', 8),
('lijn1420', 'order1186', 'art0114', 5),
('lijn1421', 'order1187', 'art0109', 6),
('lijn1422', 'order1188', 'art0106', 4),
('lijn1423', 'order1188', 'art0109', 1),
('lijn1424', 'order1188', 'art0105', 8),
('lijn1425', 'order1189', 'art0109', 5),
('lijn1426', 'order1189', 'art0116', 4),
('lijn1427', 'order1190', 'art0115', 2),
('lijn1428', 'order1190', 'art0107', 2),
('lijn1429', 'order1191', 'art0101', 7),
('lijn1430', 'order1191', 'art0106', 8),
('lijn1431', 'order1192', 'art0111', 8),
('lijn1432', 'order1192', 'art0108', 3),
('lijn1433', 'order1193', 'art0104', 7),
('lijn1434', 'order1193', 'art0106', 2),
('lijn1435', 'order1194', 'art0108', 5),
('lijn1436', 'order1194', 'art0114', 5),
('lijn1437', 'order1194', 'art0102', 5),
('lijn1438', 'order1194', 'art0102', 7),
('lijn1439', 'order1195', 'art0116', 4),
('lijn1440', 'order1195', 'art0102', 5),
('lijn1441', 'order1196', 'art0115', 1),
('lijn1442', 'order1196', 'art0107', 6),
('lijn1443', 'order1197', 'art0115', 6),
('lijn1444', 'order1197', 'art0104', 6),
('lijn1445', 'order1197', 'art0105', 2),
('lijn1446', 'order1197', 'art0103', 8),
('lijn1447', 'order1198', 'art0102', 7),
('lijn1448', 'order1199', 'art0104', 8),
('lijn1449', 'order1199', 'art0103', 5),
('lijn1450', 'order1200', 'art0104', 4),
('lijn1451', 'order1200', 'art0102', 4),
('lijn1452', 'order1200', 'art0106', 7),
('lijn1453', 'order1200', 'art0106', 6),
('lijn1454', 'order1201', 'art0102', 3),
('lijn1455', 'order1201', 'art0109', 5),
('lijn1456', 'order1201', 'art0114', 3),
('lijn1457', 'order1201', 'art0116', 7),
('lijn1458', 'order1202', 'art0109', 1),
('lijn1459', 'order1203', 'art0105', 2),
('lijn1460', 'order1203', 'art0114', 5),
('lijn1461', 'order1204', 'art0105', 2),
('lijn1462', 'order1204', 'art0116', 4),
('lijn1463', 'order1205', 'art0105', 8),
('lijn1464', 'order1206', 'art0111', 3),
('lijn1465', 'order1206', 'art0101', 7),
('lijn1466', 'order1206', 'art0104', 1),
('lijn1467', 'order1206', 'art0107', 1),
('lijn1468', 'order1207', 'art0111', 7),
('lijn1469', 'order1207', 'art0101', 2),
('lijn1470', 'order1207', 'art0108', 6),
('lijn1471', 'order1208', 'art0112', 8),
('lijn1472', 'order1208', 'art0111', 5),
('lijn1473', 'order1209', 'art0113', 8),
('lijn1474', 'order1210', 'art0109', 1),
('lijn1475', 'order1211', 'art0105', 3),
('lijn1476', 'order1211', 'art0111', 1),
('lijn1477', 'order1212', 'art0105', 8),
('lijn1478', 'order1212', 'art0109', 5),
('lijn1479', 'order1213', 'art0114', 7),
('lijn1480', 'order1213', 'art0107', 4),
('lijn1481', 'order1213', 'art0111', 1),
('lijn1482', 'order1214', 'art0109', 5),
('lijn1483', 'order1214', 'art0101', 6),
('lijn1484', 'order1215', 'art0107', 6),
('lijn1485', 'order1215', 'art0107', 1),
('lijn1486', 'order1216', 'art0108', 5),
('lijn1487', 'order1216', 'art0106', 6),
('lijn1488', 'order1217', 'art0113', 1),
('lijn1489', 'order1218', 'art0107', 5),
('lijn1490', 'order1219', 'art0102', 3),
('lijn1491', 'order1219', 'art0106', 7),
('lijn1492', 'order1220', 'art0104', 8),
('lijn1493', 'order1220', 'art0111', 3),
('lijn1494', 'order1220', 'art0108', 1),
('lijn1495', 'order1221', 'art0111', 7),
('lijn1496', 'order1221', 'art0106', 7),
('lijn1497', 'order1222', 'art0108', 4),
('lijn1498', 'order1222', 'art0113', 1),
('lijn1499', 'order1222', 'art0102', 5),
('lijn1500', 'order1223', 'art0113', 3),
('lijn1501', 'order1223', 'art0112', 1),
('lijn1502', 'order1224', 'art0101', 4),
('lijn1503', 'order1224', 'art0116', 3),
('lijn1504', 'order1225', 'art0112', 5),
('lijn1505', 'order1226', 'art0116', 1),
('lijn1506', 'order1227', 'art0106', 5),
('lijn1507', 'order1228', 'art0115', 1),
('lijn1508', 'order1229', 'art0108', 7),
('lijn1509', 'order1230', 'art0107', 7),
('lijn1510', 'order1231', 'art0110', 2),
('lijn1511', 'order1231', 'art0105', 7),
('lijn1512', 'order1231', 'art0111', 7),
('lijn1513', 'order1232', 'art0116', 3),
('lijn1514', 'order1232', 'art0102', 3),
('lijn1515', 'order1232', 'art0114', 4),
('lijn1516', 'order1233', 'art0111', 2),
('lijn1517', 'order1233', 'art0102', 6),
('lijn1518', 'order1233', 'art0107', 7),
('lijn1519', 'order1234', 'art0106', 6),
('lijn1520', 'order1234', 'art0102', 4),
('lijn1521', 'order1235', 'art0111', 3),
('lijn1522', 'order1235', 'art0113', 3),
('lijn1523', 'order1236', 'art0110', 3),
('lijn1524', 'order1236', 'art0114', 4),
('lijn1525', 'order1236', 'art0101', 5),
('lijn1526', 'order1237', 'art0107', 2),
('lijn1527', 'order1238', 'art0109', 1),
('lijn1528', 'order1239', 'art0107', 5),
('lijn1529', 'order1239', 'art0109', 8),
('lijn1530', 'order1239', 'art0116', 6),
('lijn1531', 'order1240', 'art0109', 2),
('lijn1532', 'order1241', 'art0103', 2),
('lijn1533', 'order1241', 'art0105', 3),
('lijn1534', 'order1242', 'art0111', 1),
('lijn1535', 'order1242', 'art0105', 4),
('lijn1536', 'order1242', 'art0110', 1),
('lijn1537', 'order1243', 'art0116', 3),
('lijn1538', 'order1244', 'art0107', 4),
('lijn1539', 'order1244', 'art0116', 8),
('lijn1540', 'order1245', 'art0113', 1),
('lijn1541', 'order1245', 'art0106', 1),
('lijn1542', 'order1246', 'art0109', 1),
('lijn1543', 'order1246', 'art0112', 3),
('lijn1544', 'order1247', 'art0114', 3),
('lijn1545', 'order1247', 'art0107', 1),
('lijn1546', 'order1248', 'art0103', 5),
('lijn1547', 'order1248', 'art0106', 7),
('lijn1548', 'order1248', 'art0114', 4),
('lijn1549', 'order1249', 'art0114', 3),
('lijn1550', 'order1249', 'art0103', 7),
('lijn1551', 'order1250', 'art0113', 1),
('lijn1552', 'order1250', 'art0102', 1),
('lijn1553', 'order1251', 'art0106', 1),
('lijn1554', 'order1251', 'art0108', 3),
('lijn1555', 'order1251', 'art0106', 7),
('lijn1556', 'order1252', 'art0106', 4),
('lijn1557', 'order1252', 'art0113', 3),
('lijn1558', 'order1253', 'art0102', 3),
('lijn1559', 'order1253', 'art0109', 8),
('lijn1560', 'order1254', 'art0109', 8),
('lijn1561', 'order1254', 'art0111', 7),
('lijn1562', 'order1255', 'art0111', 5),
('lijn1563', 'order1255', 'art0113', 6),
('lijn1564', 'order1256', 'art0115', 4),
('lijn1565', 'order1256', 'art0109', 6),
('lijn1566', 'order1256', 'art0105', 3),
('lijn1567', 'order1257', 'art0110', 2),
('lijn1568', 'order1257', 'art0115', 6),
('lijn1569', 'order1258', 'art0115', 8),
('lijn1570', 'order1258', 'art0110', 4),
('lijn1571', 'order1259', 'art0106', 3),
('lijn1572', 'order1260', 'art0112', 6),
('lijn1573', 'order1260', 'art0105', 5),
('lijn1574', 'order1260', 'art0106', 2),
('lijn1575', 'order1261', 'art0111', 2),
('lijn1576', 'order1261', 'art0114', 1),
('lijn1577', 'order1261', 'art0105', 6),
('lijn1578', 'order1262', 'art0105', 3),
('lijn1579', 'order1262', 'art0111', 7),
('lijn1580', 'order1262', 'art0107', 3),
('lijn1581', 'order1262', 'art0108', 7),
('lijn1582', 'order1263', 'art0115', 7),
('lijn1583', 'order1263', 'art0102', 7),
('lijn1584', 'order1264', 'art0102', 7),
('lijn1585', 'order1265', 'art0111', 7),
('lijn1586', 'order1265', 'art0107', 8),
('lijn1587', 'order1265', 'art0113', 3),
('lijn1588', 'order1265', 'art0108', 4),
('lijn1589', 'order1265', 'art0102', 8),
('lijn1590', 'order1265', 'art0115', 5),
('lijn1591', 'order1266', 'art0111', 3),
('lijn1592', 'order1266', 'art0116', 4),
('lijn1593', 'order1267', 'art0102', 3),
('lijn1594', 'order1267', 'art0114', 6),
('lijn1595', 'order1268', 'art0108', 3),
('lijn1596', 'order1268', 'art0108', 1),
('lijn1597', 'order1269', 'art0105', 3),
('lijn1598', 'order1269', 'art0116', 6),
('lijn1599', 'order1269', 'art0109', 1),
('lijn1600', 'order1270', 'art0107', 8),
('lijn1601', 'order1270', 'art0109', 1),
('lijn1602', 'order1271', 'art0112', 2),
('lijn1603', 'order1271', 'art0111', 2),
('lijn1604', 'order1272', 'art0110', 6),
('lijn1605', 'order1272', 'art0111', 7),
('lijn1606', 'order1273', 'art0116', 4),
('lijn1607', 'order1273', 'art0102', 6),
('lijn1608', 'order1274', 'art0108', 6),
('lijn1609', 'order1274', 'art0116', 1),
('lijn1610', 'order1274', 'art0109', 1),
('lijn1611', 'order1275', 'art0114', 2),
('lijn1612', 'order1275', 'art0105', 3),
('lijn1613', 'order1275', 'art0103', 7),
('lijn1614', 'order1276', 'art0113', 8),
('lijn1615', 'order1276', 'art0104', 5),
('lijn1616', 'order1276', 'art0104', 7),
('lijn1617', 'order1276', 'art0104', 2),
('lijn1618', 'order1276', 'art0101', 8),
('lijn1619', 'order1277', 'art0101', 8),
('lijn1620', 'order1278', 'art0103', 2),
('lijn1621', 'order1278', 'art0107', 4),
('lijn1622', 'order1278', 'art0109', 5),
('lijn1623', 'order1279', 'art0107', 2),
('lijn1624', 'order1279', 'art0112', 3),
('lijn1625', 'order1279', 'art0109', 4),
('lijn1626', 'order1280', 'art0112', 8),
('lijn1627', 'order1280', 'art0105', 4),
('lijn1628', 'order1280', 'art0104', 2),
('lijn1629', 'order1281', 'art0113', 1),
('lijn1630', 'order1282', 'art0108', 1),
('lijn1631', 'order1283', 'art0116', 6),
('lijn1632', 'order1284', 'art0103', 2),
('lijn1633', 'order1284', 'art0108', 5),
('lijn1634', 'order1285', 'art0115', 1),
('lijn1635', 'order1285', 'art0111', 3),
('lijn1636', 'order1286', 'art0101', 7),
('lijn1637', 'order1286', 'art0101', 8),
('lijn1638', 'order1286', 'art0108', 2),
('lijn1639', 'order1287', 'art0114', 6),
('lijn1640', 'order1287', 'art0114', 2),
('lijn1641', 'order1287', 'art0113', 7),
('lijn1642', 'order1287', 'art0104', 4),
('lijn1643', 'order1287', 'art0114', 7),
('lijn1644', 'order1288', 'art0104', 2),
('lijn1645', 'order1288', 'art0116', 6),
('lijn1646', 'order1289', 'art0104', 2),
('lijn1647', 'order1289', 'art0106', 7),
('lijn1648', 'order1289', 'art0116', 3),
('lijn1649', 'order1290', 'art0110', 3),
('lijn1650', 'order1290', 'art0104', 5),
('lijn1651', 'order1290', 'art0103', 6),
('lijn1652', 'order1290', 'art0116', 1),
('lijn1653', 'order1291', 'art0115', 4),
('lijn1654', 'order1291', 'art0115', 7),
('lijn1655', 'order1292', 'art0105', 7),
('lijn1656', 'order1292', 'art0110', 7),
('lijn1657', 'order1293', 'art0113', 3),
('lijn1658', 'order1293', 'art0116', 3),
('lijn1659', 'order1294', 'art0107', 4),
('lijn1660', 'order1295', 'art0105', 8),
('lijn1661', 'order1296', 'art0101', 2),
('lijn1662', 'order1296', 'art0102', 5),
('lijn1663', 'order1296', 'art0106', 3),
('lijn1664', 'order1297', 'art0105', 3),
('lijn1665', 'order1297', 'art0110', 2),
('lijn1666', 'order1297', 'art0113', 1),
('lijn1667', 'order1297', 'art0105', 6),
('lijn1668', 'order1298', 'art0104', 8),
('lijn1669', 'order1299', 'art0114', 2),
('lijn1670', 'order1299', 'art0104', 8),
('lijn1671', 'order1299', 'art0105', 6),
('lijn1672', 'order1300', 'art0109', 3),
('lijn1673', 'order1300', 'art0114', 1),
('lijn1674', 'order1301', 'art0103', 7),
('lijn1675', 'order1301', 'art0106', 7),
('lijn1676', 'order1301', 'art0101', 3),
('lijn1677', 'order1302', 'art0114', 6),
('lijn1678', 'order1302', 'art0112', 4),
('lijn1679', 'order1302', 'art0104', 3),
('lijn1680', 'order1302', 'art0116', 5),
('lijn1681', 'order1303', 'art0113', 6),
('lijn1682', 'order1303', 'art0110', 7),
('lijn1683', 'order1304', 'art0116', 7),
('lijn1684', 'order1305', 'art0102', 2),
('lijn1685', 'order1305', 'art0113', 4),
('lijn1686', 'order1306', 'art0113', 7),
('lijn1687', 'order1307', 'art0106', 7),
('lijn1688', 'order1307', 'art0105', 2),
('lijn1689', 'order1307', 'art0116', 2),
('lijn1690', 'order1308', 'art0101', 3),
('lijn1691', 'order1309', 'art0111', 3),
('lijn1692', 'order1309', 'art0111', 7),
('lijn1693', 'order1310', 'art0113', 8),
('lijn1694', 'order1310', 'art0112', 5),
('lijn1695', 'order1310', 'art0108', 5),
('lijn1696', 'order1311', 'art0108', 3),
('lijn1697', 'order1311', 'art0114', 4),
('lijn1698', 'order1312', 'art0115', 7),
('lijn1699', 'order1313', 'art0102', 8),
('lijn1700', 'order1313', 'art0112', 1),
('lijn1701', 'order1314', 'art0104', 3),
('lijn1702', 'order1314', 'art0116', 2),
('lijn1703', 'order1315', 'art0112', 2),
('lijn1704', 'order1316', 'art0104', 8),
('lijn1705', 'order1316', 'art0113', 3),
('lijn1706', 'order1317', 'art0114', 5),
('lijn1707', 'order1318', 'art0115', 6),
('lijn1708', 'order1319', 'art0108', 4),
('lijn1709', 'order1319', 'art0111', 8),
('lijn1710', 'order1319', 'art0115', 4),
('lijn1711', 'order1319', 'art0104', 6),
('lijn1712', 'order1320', 'art0112', 8),
('lijn1713', 'order1320', 'art0114', 1),
('lijn1714', 'order1320', 'art0110', 6),
('lijn1715', 'order1321', 'art0112', 5),
('lijn1716', 'order1321', 'art0111', 1),
('lijn1717', 'order1321', 'art0105', 2),
('lijn1718', 'order1322', 'art0115', 1),
('lijn1719', 'order1322', 'art0101', 4),
('lijn1720', 'order1322', 'art0110', 3),
('lijn1721', 'order1323', 'art0110', 4),
('lijn1722', 'order1324', 'art0114', 5),
('lijn1723', 'order1325', 'art0111', 2),
('lijn1724', 'order1325', 'art0110', 2),
('lijn1725', 'order1326', 'art0108', 6),
('lijn1726', 'order1326', 'art0113', 6),
('lijn1727', 'order1327', 'art0114', 7),
('lijn1728', 'order1327', 'art0113', 7),
('lijn1729', 'order1328', 'art0101', 5),
('lijn1730', 'order1328', 'art0106', 7),
('lijn1731', 'order1329', 'art0116', 8),
('lijn1732', 'order1329', 'art0103', 2),
('lijn1733', 'order1329', 'art0107', 1),
('lijn1734', 'order1329', 'art0102', 1),
('lijn1735', 'order1330', 'art0106', 1),
('lijn1736', 'order1330', 'art0102', 4),
('lijn1737', 'order1330', 'art0114', 2),
('lijn1738', 'order1331', 'art0101', 4),
('lijn1739', 'order1332', 'art0115', 7),
('lijn1740', 'order1332', 'art0106', 4),
('lijn1741', 'order1332', 'art0115', 1),
('lijn1742', 'order1332', 'art0104', 5),
('lijn1743', 'order1333', 'art0106', 8),
('lijn1744', 'order1334', 'art0110', 8),
('lijn1745', 'order1335', 'art0115', 5),
('lijn1746', 'order1335', 'art0113', 4),
('lijn1747', 'order1336', 'art0109', 6),
('lijn1748', 'order1336', 'art0104', 1),
('lijn1749', 'order1336', 'art0105', 1),
('lijn1750', 'order1337', 'art0105', 5),
('lijn1751', 'order1337', 'art0113', 3),
('lijn1752', 'order1338', 'art0116', 6),
('lijn1753', 'order1338', 'art0104', 2),
('lijn1754', 'order1338', 'art0111', 3),
('lijn1755', 'order1339', 'art0111', 1),
('lijn1756', 'order1339', 'art0108', 3),
('lijn1757', 'order1339', 'art0116', 6),
('lijn1758', 'order1339', 'art0102', 7),
('lijn1759', 'order1339', 'art0106', 8),
('lijn1760', 'order1340', 'art0113', 6),
('lijn1761', 'order1340', 'art0105', 7),
('lijn1762', 'order1341', 'art0103', 8),
('lijn1763', 'order1341', 'art0110', 5),
('lijn1764', 'order1342', 'art0101', 7),
('lijn1765', 'order1342', 'art0115', 5),
('lijn1766', 'order1342', 'art0104', 4),
('lijn1767', 'order1342', 'art0102', 8),
('lijn1768', 'order1343', 'art0112', 2),
('lijn1769', 'order1343', 'art0107', 1),
('lijn1770', 'order1343', 'art0113', 1),
('lijn1771', 'order1343', 'art0114', 1),
('lijn1772', 'order1344', 'art0103', 3),
('lijn1773', 'order1345', 'art0107', 1),
('lijn1774', 'order1345', 'art0109', 5),
('lijn1775', 'order1345', 'art0106', 3),
('lijn1776', 'order1346', 'art0107', 2),
('lijn1777', 'order1347', 'art0105', 5),
('lijn1778', 'order1348', 'art0103', 7),
('lijn1779', 'order1348', 'art0106', 6),
('lijn1780', 'order1349', 'art0115', 1),
('lijn1781', 'order1349', 'art0108', 3),
('lijn1782', 'order1350', 'art0116', 4),
('lijn1783', 'order1351', 'art0114', 3),
('lijn1784', 'order1352', 'art0106', 4),
('lijn1785', 'order1353', 'art0108', 2),
('lijn1786', 'order1353', 'art0106', 5),
('lijn1787', 'order1353', 'art0114', 5),
('lijn1788', 'order1354', 'art0112', 6),
('lijn1789', 'order1354', 'art0108', 6),
('lijn1790', 'order1355', 'art0114', 4),
('lijn1791', 'order1355', 'art0102', 4),
('lijn1792', 'order1356', 'art0113', 1),
('lijn1793', 'order1356', 'art0101', 7),
('lijn1794', 'order1356', 'art0102', 5),
('lijn1795', 'order1356', 'art0105', 1),
('lijn1796', 'order1357', 'art0113', 3),
('lijn1797', 'order1358', 'art0112', 2),
('lijn1798', 'order1359', 'art0106', 4),
('lijn1799', 'order1359', 'art0111', 4),
('lijn1800', 'order1359', 'art0111', 2),
('lijn1801', 'order1360', 'art0114', 4),
('lijn1802', 'order1360', 'art0107', 3),
('lijn1803', 'order1361', 'art0113', 6),
('lijn1804', 'order1361', 'art0111', 5),
('lijn1805', 'order1362', 'art0113', 2),
('lijn1806', 'order1362', 'art0101', 8),
('lijn1807', 'order1362', 'art0115', 6),
('lijn1808', 'order1363', 'art0115', 3),
('lijn1809', 'order1363', 'art0111', 1),
('lijn1810', 'order1363', 'art0107', 2),
('lijn1811', 'order1364', 'art0109', 6),
('lijn1812', 'order1365', 'art0108', 7),
('lijn1813', 'order1366', 'art0107', 7),
('lijn1814', 'order1367', 'art0111', 2),
('lijn1815', 'order1368', 'art0101', 6),
('lijn1816', 'order1369', 'art0111', 5),
('lijn1817', 'order1369', 'art0113', 2),
('lijn1818', 'order1370', 'art0105', 7),
('lijn1819', 'order1371', 'art0107', 3),
('lijn1820', 'order1371', 'art0108', 5),
('lijn1821', 'order1372', 'art0111', 4),
('lijn1822', 'order1372', 'art0110', 6),
('lijn1823', 'order1373', 'art0101', 7),
('lijn1824', 'order1374', 'art0114', 6),
('lijn1825', 'order1374', 'art0103', 2),
('lijn1826', 'order1375', 'art0106', 7),
('lijn1827', 'order1376', 'art0115', 4),
('lijn1828', 'order1376', 'art0110', 7),
('lijn1829', 'order1377', 'art0107', 4),
('lijn1830', 'order1378', 'art0111', 8),
('lijn1831', 'order1378', 'art0111', 6),
('lijn1832', 'order1379', 'art0110', 1),
('lijn1833', 'order1379', 'art0101', 1),
('lijn1834', 'order1380', 'art0114', 1),
('lijn1835', 'order1380', 'art0104', 7),
('lijn1836', 'order1380', 'art0106', 3),
('lijn1837', 'order1381', 'art0116', 1),
('lijn1838', 'order1381', 'art0104', 2),
('lijn1839', 'order1382', 'art0115', 5),
('lijn1840', 'order1382', 'art0112', 1),
('lijn1841', 'order1382', 'art0108', 3),
('lijn1842', 'order1383', 'art0110', 7),
('lijn1843', 'order1384', 'art0103', 7),
('lijn1844', 'order1384', 'art0114', 2),
('lijn1845', 'order1385', 'art0104', 6),
('lijn1846', 'order1386', 'art0105', 2),
('lijn1847', 'order1387', 'art0111', 7),
('lijn1848', 'order1388', 'art0113', 4),
('lijn1849', 'order1389', 'art0103', 7),
('lijn1850', 'order1389', 'art0105', 7),
('lijn1851', 'order1390', 'art0116', 8),
('lijn1852', 'order1391', 'art0105', 8),
('lijn1853', 'order1392', 'art0110', 3),
('lijn1854', 'order1393', 'art0116', 5),
('lijn1855', 'order1394', 'art0106', 8),
('lijn1856', 'order1394', 'art0106', 6),
('lijn1857', 'order1395', 'art0102', 6),
('lijn1858', 'order1395', 'art0112', 6),
('lijn1859', 'order1395', 'art0106', 4),
('lijn1860', 'order1396', 'art0114', 4),
('lijn1861', 'order1396', 'art0116', 6),
('lijn1862', 'order1397', 'art0115', 5),
('lijn1863', 'order1397', 'art0113', 7),
('lijn1864', 'order1397', 'art0107', 6),
('lijn1865', 'order1398', 'art0101', 6),
('lijn1866', 'order1398', 'art0108', 4),
('lijn1867', 'order1398', 'art0109', 6),
('lijn1868', 'order1399', 'art0109', 1),
('lijn1869', 'order1399', 'art0109', 1),
('lijn1870', 'order1400', 'art0102', 7),
('lijn1871', 'order1400', 'art0105', 2),
('lijn1872', 'order1400', 'art0105', 4),
('lijn1873', 'order1401', 'art0103', 4),
('lijn1874', 'order1401', 'art0113', 4),
('lijn1875', 'order1402', 'art0110', 1),
('lijn1876', 'order1402', 'art0101', 8),
('lijn1877', 'order1403', 'art0114', 2),
('lijn1878', 'order1404', 'art0113', 2),
('lijn1879', 'order1405', 'art0104', 5),
('lijn1880', 'order1405', 'art0114', 3),
('lijn1881', 'order1406', 'art0113', 1),
('lijn1882', 'order1406', 'art0107', 7),
('lijn1883', 'order1407', 'art0114', 1),
('lijn1884', 'order1408', 'art0105', 1),
('lijn1885', 'order1409', 'art0112', 4),
('lijn1886', 'order1410', 'art0103', 7),
('lijn1887', 'order1411', 'art0107', 3),
('lijn1888', 'order1411', 'art0112', 4),
('lijn1889', 'order1411', 'art0109', 7),
('lijn1890', 'order1412', 'art0110', 1),
('lijn1891', 'order1412', 'art0113', 6),
('lijn1892', 'order1412', 'art0102', 3),
('lijn1893', 'order1413', 'art0110', 3),
('lijn1894', 'order1414', 'art0114', 5),
('lijn1895', 'order1414', 'art0114', 6),
('lijn1896', 'order1414', 'art0101', 5),
('lijn1897', 'order1414', 'art0113', 4),
('lijn1898', 'order1414', 'art0102', 6),
('lijn1899', 'order1415', 'art0103', 3),
('lijn1900', 'order1415', 'art0104', 7),
('lijn1901', 'order1415', 'art0111', 1),
('lijn1902', 'order1416', 'art0111', 2),
('lijn1903', 'order1416', 'art0113', 6),
('lijn1904', 'order1417', 'art0115', 1),
('lijn1905', 'order1417', 'art0114', 5),
('lijn1906', 'order1418', 'art0114', 2),
('lijn1907', 'order1418', 'art0102', 4),
('lijn1908', 'order1419', 'art0106', 3),
('lijn1909', 'order1419', 'art0110', 8),
('lijn1910', 'order1419', 'art0110', 7),
('lijn1911', 'order1420', 'art0102', 1),
('lijn1912', 'order1420', 'art0104', 3),
('lijn1913', 'order1420', 'art0108', 8),
('lijn1914', 'order1420', 'art0106', 4),
('lijn1915', 'order1421', 'art0101', 8),
('lijn1916', 'order1421', 'art0108', 1),
('lijn1917', 'order1421', 'art0114', 1),
('lijn1918', 'order1422', 'art0116', 8),
('lijn1919', 'order1422', 'art0110', 5),
('lijn1920', 'order1423', 'art0102', 8),
('lijn1921', 'order1423', 'art0115', 8),
('lijn1922', 'order1423', 'art0109', 8),
('lijn1923', 'order1424', 'art0114', 8),
('lijn1924', 'order1424', 'art0107', 1),
('lijn1925', 'order1424', 'art0102', 6),
('lijn1926', 'order1424', 'art0116', 5),
('lijn1927', 'order1425', 'art0111', 7),
('lijn1928', 'order1425', 'art0116', 5),
('lijn1929', 'order1425', 'art0115', 5),
('lijn1930', 'order1426', 'art0116', 5),
('lijn1931', 'order1426', 'art0101', 5),
('lijn1932', 'order1427', 'art0107', 2),
('lijn1933', 'order1427', 'art0116', 2),
('lijn1934', 'order1428', 'art0106', 5),
('lijn1935', 'order1428', 'art0108', 8),
('lijn1936', 'order1429', 'art0106', 6),
('lijn1937', 'order1430', 'art0110', 3),
('lijn1938', 'order1431', 'art0113', 8),
('lijn1939', 'order1432', 'art0102', 5),
('lijn1940', 'order1433', 'art0107', 2),
('lijn1941', 'order1434', 'art0101', 4),
('lijn1942', 'order1435', 'art0113', 4),
('lijn1943', 'order1436', 'art0102', 4),
('lijn1944', 'order1437', 'art0104', 1),
('lijn1945', 'order1437', 'art0102', 6),
('lijn1946', 'order1437', 'art0107', 5),
('lijn1947', 'order1438', 'art0112', 1),
('lijn1948', 'order1438', 'art0110', 7),
('lijn1949', 'order1438', 'art0107', 3),
('lijn1950', 'order1438', 'art0111', 7),
('lijn1951', 'order1439', 'art0115', 7),
('lijn1952', 'order1440', 'art0116', 4),
('lijn1953', 'order1440', 'art0103', 8),
('lijn1954', 'order1441', 'art0111', 2),
('lijn1955', 'order1441', 'art0106', 2),
('lijn1956', 'order1442', 'art0109', 4),
('lijn1957', 'order1442', 'art0109', 8),
('lijn1958', 'order1443', 'art0111', 5),
('lijn1959', 'order1443', 'art0101', 7),
('lijn1960', 'order1444', 'art0101', 3),
('lijn1961', 'order1444', 'art0105', 3),
('lijn1962', 'order1445', 'art0102', 1),
('lijn1963', 'order1445', 'art0102', 1),
('lijn1964', 'order1445', 'art0115', 2),
('lijn1965', 'order1445', 'art0110', 7),
('lijn1966', 'order1445', 'art0116', 6),
('lijn1967', 'order1446', 'art0111', 4),
('lijn1968', 'order1446', 'art0111', 2),
('lijn1969', 'order1446', 'art0104', 2),
('lijn1970', 'order1447', 'art0101', 2),
('lijn1971', 'order1447', 'art0105', 7),
('lijn1972', 'order1447', 'art0113', 2),
('lijn1973', 'order1447', 'art0114', 8),
('lijn1974', 'order1448', 'art0102', 3),
('lijn1975', 'order1449', 'art0112', 8),
('lijn1976', 'order1449', 'art0111', 1),
('lijn1977', 'order1450', 'art0107', 4),
('lijn1978', 'order1450', 'art0111', 2),
('lijn1979', 'order1451', 'art0113', 2),
('lijn1980', 'order1452', 'art0101', 6),
('lijn1981', 'order1453', 'art0101', 3),
('lijn1982', 'order1454', 'art0106', 3),
('lijn1983', 'order1454', 'art0111', 5),
('lijn1984', 'order1454', 'art0111', 1),
('lijn1985', 'order1454', 'art0110', 4),
('lijn1986', 'order1455', 'art0113', 5),
('lijn1987', 'order1455', 'art0106', 8),
('lijn1988', 'order1455', 'art0105', 6),
('lijn1989', 'order1455', 'art0113', 1),
('lijn1990', 'order1456', 'art0108', 3),
('lijn1991', 'order1457', 'art0110', 4),
('lijn1992', 'order1457', 'art0114', 1),
('lijn1993', 'order1458', 'art0111', 4),
('lijn1994', 'order1458', 'art0101', 4),
('lijn1995', 'order1458', 'art0112', 5),
('lijn1996', 'order1459', 'art0112', 1),
('lijn1997', 'order1460', 'art0116', 5),
('lijn1998', 'order1460', 'art0116', 6),
('lijn1999', 'order1461', 'art0113', 5),
('lijn2000', 'order1461', 'art0110', 1),
('lijn2001', 'order1461', 'art0107', 4),
('lijn2002', 'order1461', 'art0103', 8),
('lijn2003', 'order1462', 'art0112', 3),
('lijn2004', 'order1462', 'art0106', 2),
('lijn2005', 'order1462', 'art0101', 2),
('lijn2006', 'order1462', 'art0101', 5),
('lijn2007', 'order1463', 'art0112', 6),
('lijn2008', 'order1463', 'art0102', 1),
('lijn2009', 'order1464', 'art0102', 7),
('lijn2010', 'order1464', 'art0112', 1),
('lijn2011', 'order1464', 'art0110', 8),
('lijn2012', 'order1465', 'art0106', 2),
('lijn2013', 'order1465', 'art0109', 6),
('lijn2014', 'order1466', 'art0116', 6),
('lijn2015', 'order1467', 'art0112', 5),
('lijn2016', 'order1467', 'art0109', 2),
('lijn2017', 'order1467', 'art0104', 4),
('lijn2018', 'order1468', 'art0114', 8),
('lijn2019', 'order1469', 'art0112', 5),
('lijn2020', 'order1469', 'art0103', 6),
('lijn2021', 'order1470', 'art0105', 7),
('lijn2022', 'order1470', 'art0115', 2),
('lijn2023', 'order1471', 'art0110', 7),
('lijn2024', 'order1472', 'art0111', 2),
('lijn2025', 'order1473', 'art0107', 1),
('lijn2026', 'order1474', 'art0103', 7),
('lijn2027', 'order1474', 'art0114', 2),
('lijn2028', 'order1474', 'art0106', 4),
('lijn2029', 'order1475', 'art0102', 8),
('lijn2030', 'order1475', 'art0102', 3),
('lijn2031', 'order1476', 'art0116', 6),
('lijn2032', 'order1476', 'art0111', 1),
('lijn2033', 'order1477', 'art0106', 8),
('lijn2034', 'order1477', 'art0107', 6),
('lijn2035', 'order1478', 'art0112', 5),
('lijn2036', 'order1478', 'art0108', 1),
('lijn2037', 'order1479', 'art0102', 3),
('lijn2038', 'order1479', 'art0103', 1),
('lijn2039', 'order1479', 'art0106', 3),
('lijn2040', 'order1480', 'art0115', 5),
('lijn2041', 'order1480', 'art0107', 3),
('lijn2042', 'order1481', 'art0113', 8),
('lijn2043', 'order1481', 'art0102', 6),
('lijn2044', 'order1482', 'art0101', 5),
('lijn2045', 'order1483', 'art0115', 5),
('lijn2046', 'order1483', 'art0103', 4),
('lijn2047', 'order1483', 'art0115', 2),
('lijn2048', 'order1484', 'art0115', 1),
('lijn2049', 'order1484', 'art0116', 1),
('lijn2050', 'order1484', 'art0104', 3),
('lijn2051', 'order1485', 'art0116', 3),
('lijn2052', 'order1485', 'art0105', 8),
('lijn2053', 'order1486', 'art0104', 6),
('lijn2054', 'order1486', 'art0105', 5),
('lijn2055', 'order1487', 'art0110', 5),
('lijn2056', 'order1487', 'art0107', 1),
('lijn2057', 'order1487', 'art0113', 2),
('lijn2058', 'order1488', 'art0113', 6),
('lijn2059', 'order1488', 'art0112', 6),
('lijn2060', 'order1488', 'art0110', 7),
('lijn2061', 'order1489', 'art0104', 7),
('lijn2062', 'order1490', 'art0116', 5),
('lijn2063', 'order1490', 'art0101', 5),
('lijn2064', 'order1490', 'art0115', 6),
('lijn2065', 'order1491', 'art0113', 2),
('lijn2066', 'order1491', 'art0105', 8),
('lijn2067', 'order1492', 'art0114', 1),
('lijn2068', 'order1492', 'art0105', 2),
('lijn2069', 'order1492', 'art0105', 5),
('lijn2070', 'order1493', 'art0111', 2),
('lijn2071', 'order1493', 'art0105', 8);

-- --------------------------------------------------------

--
-- Tabelstructuur voor tabel `tblorders`
--

CREATE TABLE `tblorders` (
  `orderID` varchar(10) COLLATE utf8_unicode_ci NOT NULL,
  `klantID` varchar(8) COLLATE utf8_unicode_ci NOT NULL,
  `orderdatum` date NOT NULL
) ENGINE=InnoDB DEFAULT CHARSET=utf8 COLLATE=utf8_unicode_ci;

--
-- Gegevens worden geëxporteerd voor tabel `tblorders`
--

INSERT INTO `tblorders` (`orderID`, `klantID`, `orderdatum`) VALUES
('order1001', 'KL1137', '2025-05-26'),
('order1002', 'KL1254', '2025-05-26'),
('order1003', 'KL1173', '2025-05-26'),
('order1004', 'KL1051', '2025-05-26'),
('order1005', 'KL1141', '2025-05-26'),
('order1006', 'KL1102', '2025-05-26'),
('order1007', 'KL1132', '2025-05-26'),
('order1008', 'KL1262', '2025-05-27'),
('order1009', 'KL1227', '2025-05-27'),
('order1010', 'KL1277', '2025-05-27'),
('order1011', 'KL1141', '2025-05-27'),
('order1012', 'KL1021', '2025-05-27'),
('order1013', 'KL1082', '2025-05-27'),
('order1014', 'KL1113', '2025-05-27'),
('order1015', 'KL1242', '2025-05-28'),
('order1016', 'KL1184', '2025-05-28'),
('order1017', 'KL1286', '2025-05-28'),
('order1018', 'KL1182', '2025-05-28'),
('order1019', 'KL1218', '2025-05-28'),
('order1020', 'KL1178', '2025-05-28'),
('order1021', 'KL1188', '2025-05-29'),
('order1022', 'KL1064', '2025-05-29'),
('order1023', 'KL1051', '2025-05-29'),
('order1024', 'KL1142', '2025-05-30'),
('order1025', 'KL1193', '2025-05-30'),
('order1026', 'KL1195', '2025-05-30'),
('order1027', 'KL1136', '2025-05-30'),
('order1028', 'KL1036', '2025-05-30'),
('order1029', 'KL1231', '2025-05-30'),
('order1030', 'KL1186', '2025-05-31'),
('order1031', 'KL1077', '2025-05-31'),
('order1032', 'KL1129', '2025-05-31'),
('order1033', 'KL1142', '2025-05-31'),
('order1034', 'KL1024', '2025-05-31'),
('order1035', 'KL1037', '2025-05-31'),
('order1036', 'KL1194', '2025-05-31'),
('order1037', 'KL1272', '2025-05-31'),
('order1038', 'KL1220', '2025-05-31'),
('order1039', 'KL1285', '2025-05-31'),
('order1040', 'KL1222', '2025-06-01'),
('order1041', 'KL1105', '2025-06-01'),
('order1042', 'KL1094', '2025-06-01'),
('order1043', 'KL1285', '2025-06-01'),
('order1044', 'KL1041', '2025-06-01'),
('order1045', 'KL1269', '2025-06-01'),
('order1046', 'KL1133', '2025-06-02'),
('order1047', 'KL1051', '2025-06-02'),
('order1048', 'KL1012', '2025-06-02'),
('order1049', 'KL1147', '2025-06-02'),
('order1050', 'KL1071', '2025-06-02'),
('order1051', 'KL1169', '2025-06-02'),
('order1052', 'KL1122', '2025-06-02'),
('order1053', 'KL1044', '2025-06-03'),
('order1054', 'KL1108', '2025-06-03'),
('order1055', 'KL1210', '2025-06-03'),
('order1056', 'KL1218', '2025-06-03'),
('order1057', 'KL1096', '2025-06-03'),
('order1058', 'KL1013', '2025-06-04'),
('order1059', 'KL1144', '2025-06-04'),
('order1060', 'KL1134', '2025-06-04'),
('order1061', 'KL1053', '2025-06-04'),
('order1062', 'KL1039', '2025-06-04'),
('order1063', 'KL1151', '2025-06-04'),
('order1064', 'KL1029', '2025-06-05'),
('order1065', 'KL1019', '2025-06-05'),
('order1066', 'KL1020', '2025-06-05'),
('order1067', 'KL1031', '2025-06-05'),
('order1068', 'KL1128', '2025-06-05'),
('order1069', 'KL1069', '2025-06-05'),
('order1070', 'KL1063', '2025-06-05'),
('order1071', 'KL1268', '2025-06-05'),
('order1072', 'KL1027', '2025-06-05'),
('order1073', 'KL1287', '2025-06-06'),
('order1074', 'KL1206', '2025-06-06'),
('order1075', 'KL1159', '2025-06-07'),
('order1076', 'KL1081', '2025-06-07'),
('order1077', 'KL1206', '2025-06-07'),
('order1078', 'KL1109', '2025-06-08'),
('order1079', 'KL1042', '2025-06-08'),
('order1080', 'KL1257', '2025-06-08'),
('order1081', 'KL1254', '2025-06-08'),
('order1082', 'KL1006', '2025-06-08'),
('order1083', 'KL1123', '2025-06-08'),
('order1084', 'KL1191', '2025-06-08'),
('order1085', 'KL1003', '2025-06-09'),
('order1086', 'KL1284', '2025-06-09'),
('order1087', 'KL1065', '2025-06-09'),
('order1088', 'KL1033', '2025-06-09'),
('order1089', 'KL1029', '2025-06-09'),
('order1090', 'KL1022', '2025-06-09'),
('order1091', 'KL1155', '2025-06-09'),
('order1092', 'KL1266', '2025-06-10'),
('order1093', 'KL1209', '2025-06-10'),
('order1094', 'KL1121', '2025-06-10'),
('order1095', 'KL1247', '2025-06-10'),
('order1096', 'KL1067', '2025-06-10'),
('order1097', 'KL1060', '2025-06-10'),
('order1098', 'KL1028', '2025-06-10'),
('order1099', 'KL1210', '2025-06-11'),
('order1100', 'KL1183', '2025-06-11'),
('order1101', 'KL1117', '2025-06-11'),
('order1102', 'KL1078', '2025-06-11'),
('order1103', 'KL1210', '2025-06-11'),
('order1104', 'KL1074', '2025-06-11'),
('order1105', 'KL1104', '2025-06-11'),
('order1106', 'KL1290', '2025-06-12'),
('order1107', 'KL1231', '2025-06-12'),
('order1108', 'KL1260', '2025-06-12'),
('order1109', 'KL1273', '2025-06-12'),
('order1110', 'KL1105', '2025-06-12'),
('order1111', 'KL1288', '2025-06-12'),
('order1112', 'KL1023', '2025-06-12'),
('order1113', 'KL1051', '2025-06-12'),
('order1114', 'KL1158', '2025-06-13'),
('order1115', 'KL1008', '2025-06-13'),
('order1116', 'KL1128', '2025-06-13'),
('order1117', 'KL1039', '2025-06-13'),
('order1118', 'KL1215', '2025-06-13'),
('order1119', 'KL1254', '2025-06-13'),
('order1120', 'KL1109', '2025-06-13'),
('order1121', 'KL1240', '2025-06-13'),
('order1122', 'KL1247', '2025-06-13'),
('order1123', 'KL1131', '2025-06-14'),
('order1124', 'KL1077', '2025-06-14'),
('order1125', 'KL1075', '2025-06-14'),
('order1126', 'KL1104', '2025-06-14'),
('order1127', 'KL1042', '2025-06-14'),
('order1128', 'KL1039', '2025-06-14'),
('order1129', 'KL1087', '2025-06-14'),
('order1130', 'KL1002', '2025-06-14'),
('order1131', 'KL1057', '2025-06-14'),
('order1132', 'KL1022', '2025-06-14'),
('order1133', 'KL1193', '2025-06-15'),
('order1134', 'KL1017', '2025-06-15'),
('order1135', 'KL1225', '2025-06-15'),
('order1136', 'KL1099', '2025-06-15'),
('order1137', 'KL1248', '2025-06-15'),
('order1138', 'KL1052', '2025-06-16'),
('order1139', 'KL1167', '2025-06-16'),
('order1140', 'KL1108', '2025-06-17'),
('order1141', 'KL1058', '2025-06-17'),
('order1142', 'KL1058', '2025-06-17'),
('order1143', 'KL1103', '2025-06-17'),
('order1144', 'KL1170', '2025-06-17'),
('order1145', 'KL1246', '2025-06-17'),
('order1146', 'KL1065', '2025-06-18'),
('order1147', 'KL1072', '2025-06-18'),
('order1148', 'KL1185', '2025-06-18'),
('order1149', 'KL1213', '2025-06-18'),
('order1150', 'KL1121', '2025-06-18'),
('order1151', 'KL1120', '2025-06-18'),
('order1152', 'KL1181', '2025-06-19'),
('order1153', 'KL1078', '2025-06-19'),
('order1154', 'KL1225', '2025-06-19'),
('order1155', 'KL1185', '2025-06-19'),
('order1156', 'KL1038', '2025-06-19'),
('order1157', 'KL1109', '2025-06-20'),
('order1158', 'KL1284', '2025-06-20'),
('order1159', 'KL1283', '2025-06-20'),
('order1160', 'KL1181', '2025-06-20'),
('order1161', 'KL1028', '2025-06-20'),
('order1162', 'KL1025', '2025-06-21'),
('order1163', 'KL1018', '2025-06-21'),
('order1164', 'KL1018', '2025-06-21'),
('order1165', 'KL1220', '2025-06-21'),
('order1166', 'KL1203', '2025-06-21'),
('order1167', 'KL1193', '2025-06-21'),
('order1168', 'KL1087', '2025-06-22'),
('order1169', 'KL1152', '2025-06-22'),
('order1170', 'KL1193', '2025-06-22'),
('order1171', 'KL1159', '2025-06-22'),
('order1172', 'KL1041', '2025-06-22'),
('order1173', 'KL1261', '2025-06-22'),
('order1174', 'KL1022', '2025-06-23'),
('order1175', 'KL1196', '2025-06-23'),
('order1176', 'KL1158', '2025-06-23'),
('order1177', 'KL1208', '2025-06-23'),
('order1178', 'KL1205', '2025-06-23'),
('order1179', 'KL1055', '2025-06-23'),
('order1180', 'KL1208', '2025-06-24'),
('order1181', 'KL1228', '2025-06-24'),
('order1182', 'KL1153', '2025-06-24'),
('order1183', 'KL1214', '2025-06-24'),
('order1184', 'KL1213', '2025-06-24'),
('order1185', 'KL1221', '2025-06-24'),
('order1186', 'KL1082', '2025-06-24'),
('order1187', 'KL1005', '2025-06-24'),
('order1188', 'KL1202', '2025-06-25'),
('order1189', 'KL1185', '2025-06-25'),
('order1190', 'KL1035', '2025-06-25'),
('order1191', 'KL1119', '2025-06-25'),
('order1192', 'KL1019', '2025-06-25'),
('order1193', 'KL1174', '2025-06-26'),
('order1194', 'KL1249', '2025-06-26'),
('order1195', 'KL1034', '2025-06-26'),
('order1196', 'KL1234', '2025-06-26'),
('order1197', 'KL1179', '2025-06-26'),
('order1198', 'KL1099', '2025-06-27'),
('order1199', 'KL1266', '2025-06-27'),
('order1200', 'KL1271', '2025-06-27'),
('order1201', 'KL1018', '2025-06-27'),
('order1202', 'KL1044', '2025-06-27'),
('order1203', 'KL1289', '2025-06-27'),
('order1204', 'KL1102', '2025-06-28'),
('order1205', 'KL1251', '2025-06-28'),
('order1206', 'KL1214', '2025-06-28'),
('order1207', 'KL1182', '2025-06-28'),
('order1208', 'KL1076', '2025-06-29'),
('order1209', 'KL1226', '2025-06-29'),
('order1210', 'KL1190', '2025-06-29'),
('order1211', 'KL1267', '2025-06-29'),
('order1212', 'KL1230', '2025-06-29'),
('order1213', 'KL1149', '2025-06-29'),
('order1214', 'KL1076', '2025-06-29'),
('order1215', 'KL1159', '2025-06-29'),
('order1216', 'KL1001', '2025-06-29'),
('order1217', 'KL1064', '2025-06-30'),
('order1218', 'KL1260', '2025-06-30'),
('order1219', 'KL1121', '2025-06-30'),
('order1220', 'KL1126', '2025-06-30'),
('order1221', 'KL1218', '2025-07-01'),
('order1222', 'KL1241', '2025-07-01'),
('order1223', 'KL1227', '2025-07-01'),
('order1224', 'KL1232', '2025-07-02'),
('order1225', 'KL1084', '2025-07-02'),
('order1226', 'KL1112', '2025-07-02'),
('order1227', 'KL1248', '2025-07-02'),
('order1228', 'KL1073', '2025-07-03'),
('order1229', 'KL1165', '2025-07-03'),
('order1230', 'KL1020', '2025-07-04'),
('order1231', 'KL1064', '2025-07-04'),
('order1232', 'KL1105', '2025-07-04'),
('order1233', 'KL1199', '2025-07-04'),
('order1234', 'KL1245', '2025-07-04'),
('order1235', 'KL1222', '2025-07-04'),
('order1236', 'KL1110', '2025-07-04'),
('order1237', 'KL1095', '2025-07-04'),
('order1238', 'KL1274', '2025-07-04'),
('order1239', 'KL1162', '2025-07-05'),
('order1240', '#VERW!', '2025-07-05'),
('order1241', 'KL1287', '2025-07-05'),
('order1242', 'KL1073', '2025-07-06'),
('order1243', 'KL1238', '2025-07-06'),
('order1244', 'KL1130', '2025-07-06'),
('order1245', 'KL1052', '2025-07-06'),
('order1246', 'KL1187', '2025-07-07'),
('order1247', 'KL1061', '2025-07-07'),
('order1248', 'KL1067', '2025-07-07'),
('order1249', 'KL1081', '2025-07-07'),
('order1250', 'KL1218', '2025-07-07'),
('order1251', 'KL1115', '2025-07-08'),
('order1252', 'KL1117', '2025-07-08'),
('order1253', 'KL1188', '2025-07-08'),
('order1254', 'KL1155', '2025-07-08'),
('order1255', 'KL1051', '2025-07-08'),
('order1256', 'KL1157', '2025-07-08'),
('order1257', 'KL1261', '2025-07-08'),
('order1258', 'KL1091', '2025-07-08'),
('order1259', 'KL1251', '2025-07-09'),
('order1260', 'KL1172', '2025-07-09'),
('order1261', 'KL1113', '2025-07-09'),
('order1262', 'KL1230', '2025-07-09'),
('order1263', 'KL1234', '2025-07-09'),
('order1264', 'KL1195', '2025-07-09'),
('order1265', 'KL1114', '2025-07-09'),
('order1266', 'KL1268', '2025-07-09'),
('order1267', 'KL1018', '2025-07-10'),
('order1268', 'KL1228', '2025-07-10'),
('order1269', 'KL1080', '2025-07-10'),
('order1270', 'KL1194', '2025-07-10'),
('order1271', 'KL1014', '2025-07-10'),
('order1272', 'KL1200', '2025-07-10'),
('order1273', 'KL1096', '2025-07-10'),
('order1274', 'KL1287', '2025-07-10'),
('order1275', 'KL1038', '2025-07-10'),
('order1276', 'KL1025', '2025-07-11'),
('order1277', 'KL1216', '2025-07-11'),
('order1278', 'KL1053', '2025-07-11'),
('order1279', 'KL1127', '2025-07-11'),
('order1280', 'KL1010', '2025-07-11'),
('order1281', 'KL1026', '2025-07-11'),
('order1282', 'KL1220', '2025-07-11'),
('order1283', 'KL1143', '2025-07-12'),
('order1284', 'KL1241', '2025-07-12'),
('order1285', 'KL1284', '2025-07-12'),
('order1286', 'KL1098', '2025-07-12'),
('order1287', 'KL1063', '2025-07-12'),
('order1288', 'KL1009', '2025-07-12'),
('order1289', 'KL1269', '2025-07-12'),
('order1290', 'KL1268', '2025-07-12'),
('order1291', 'KL1082', '2025-07-12'),
('order1292', 'KL1256', '2025-07-12'),
('order1293', 'KL1081', '2025-07-13'),
('order1294', 'KL1056', '2025-07-13'),
('order1295', 'KL1029', '2025-07-13'),
('order1296', 'KL1052', '2025-07-13'),
('order1297', 'KL1005', '2025-07-13'),
('order1298', 'KL1215', '2025-07-13'),
('order1299', 'KL1169', '2025-07-13'),
('order1300', 'KL1289', '2025-07-13'),
('order1301', 'KL1098', '2025-07-13'),
('order1302', 'KL1090', '2025-07-14'),
('order1303', 'KL1287', '2025-07-14'),
('order1304', 'KL1024', '2025-07-14'),
('order1305', 'KL1196', '2025-07-14'),
('order1306', 'KL1017', '2025-07-14'),
('order1307', 'KL1126', '2025-07-14'),
('order1308', 'KL1046', '2025-07-14'),
('order1309', 'KL1158', '2025-07-14'),
('order1310', 'KL1126', '2025-07-14'),
('order1311', 'KL1102', '2025-07-15'),
('order1312', 'KL1275', '2025-07-15'),
('order1313', 'KL1195', '2025-07-15'),
('order1314', 'KL1226', '2025-07-16'),
('order1315', 'KL1059', '2025-07-16'),
('order1316', 'KL1105', '2025-07-17'),
('order1317', 'KL1216', '2025-07-17'),
('order1318', 'KL1203', '2025-07-17'),
('order1319', '#VERW!', '2025-07-17'),
('order1320', 'KL1012', '2025-07-17'),
('order1321', 'KL1049', '2025-07-17'),
('order1322', 'KL1279', '2025-07-18'),
('order1323', 'KL1013', '2025-07-18'),
('order1324', 'KL1048', '2025-07-18'),
('order1325', 'KL1248', '2025-07-18'),
('order1326', 'KL1204', '2025-07-18'),
('order1327', 'KL1068', '2025-07-18'),
('order1328', 'KL1016', '2025-07-18'),
('order1329', 'KL1286', '2025-07-18'),
('order1330', 'KL1056', '2025-07-19'),
('order1331', 'KL1106', '2025-07-19'),
('order1332', 'KL1264', '2025-07-19'),
('order1333', 'KL1009', '2025-07-19'),
('order1334', 'KL1136', '2025-07-19'),
('order1335', 'KL1270', '2025-07-20'),
('order1336', 'KL1233', '2025-07-20'),
('order1337', 'KL1149', '2025-07-20'),
('order1338', 'KL1033', '2025-07-20'),
('order1339', 'KL1154', '2025-07-21'),
('order1340', 'KL1201', '2025-07-21'),
('order1341', 'KL1064', '2025-07-21'),
('order1342', 'KL1252', '2025-07-21'),
('order1343', 'KL1207', '2025-07-22'),
('order1344', 'KL1227', '2025-07-22'),
('order1345', 'KL1103', '2025-07-22'),
('order1346', 'KL1088', '2025-07-22'),
('order1347', 'KL1172', '2025-07-22'),
('order1348', 'KL1235', '2025-07-23'),
('order1349', 'KL1075', '2025-07-23'),
('order1350', 'KL1061', '2025-07-23'),
('order1351', 'KL1042', '2025-07-23'),
('order1352', 'KL1169', '2025-07-23'),
('order1353', 'KL1145', '2025-07-23'),
('order1354', 'KL1208', '2025-07-23'),
('order1355', 'KL1172', '2025-07-23'),
('order1356', 'KL1285', '2025-07-24'),
('order1357', 'KL1056', '2025-07-25'),
('order1358', 'KL1166', '2025-07-25'),
('order1359', 'KL1130', '2025-07-25'),
('order1360', 'KL1130', '2025-07-25'),
('order1361', 'KL1252', '2025-07-25'),
('order1362', 'KL1189', '2025-07-25'),
('order1363', 'KL1009', '2025-07-25'),
('order1364', 'KL1226', '2025-07-25'),
('order1365', 'KL1245', '2025-07-25'),
('order1366', 'KL1191', '2025-07-25'),
('order1367', 'KL1071', '2025-07-26'),
('order1368', 'KL1227', '2025-07-26'),
('order1369', 'KL1180', '2025-07-26'),
('order1370', 'KL1061', '2025-07-26'),
('order1371', 'KL1122', '2025-07-26'),
('order1372', 'KL1256', '2025-07-27'),
('order1373', 'KL1199', '2025-07-27'),
('order1374', 'KL1118', '2025-07-27'),
('order1375', 'KL1119', '2025-07-27'),
('order1376', 'KL1215', '2025-07-27'),
('order1377', 'KL1030', '2025-07-28'),
('order1378', 'KL1178', '2025-07-28'),
('order1379', 'KL1049', '2025-07-28'),
('order1380', 'KL1195', '2025-07-28'),
('order1381', 'KL1218', '2025-07-28'),
('order1382', 'KL1080', '2025-07-28'),
('order1383', 'KL1139', '2025-07-28'),
('order1384', 'KL1053', '2025-07-28'),
('order1385', 'KL1088', '2025-07-29'),
('order1386', 'KL1285', '2025-07-29'),
('order1387', 'KL1169', '2025-07-29'),
('order1388', 'KL1196', '2025-07-29'),
('order1389', 'KL1038', '2025-07-29'),
('order1390', 'KL1235', '2025-07-30'),
('order1391', 'KL1015', '2025-07-30'),
('order1392', 'KL1008', '2025-07-30'),
('order1393', 'KL1178', '2025-07-30'),
('order1394', 'KL1214', '2025-07-30'),
('order1395', 'KL1020', '2025-07-30'),
('order1396', 'KL1244', '2025-07-30'),
('order1397', 'KL1195', '2025-07-30'),
('order1398', 'KL1139', '2025-07-30'),
('order1399', 'KL1105', '2025-07-30'),
('order1400', 'KL1162', '2025-07-30'),
('order1401', 'KL1149', '2025-07-31'),
('order1402', 'KL1045', '2025-07-31'),
('order1403', 'KL1036', '2025-07-31'),
('order1404', 'KL1287', '2025-07-31'),
('order1405', 'KL1206', '2025-07-31'),
('order1406', 'KL1182', '2025-07-31'),
('order1407', 'KL1193', '2025-08-01'),
('order1408', 'KL1063', '2025-08-01'),
('order1409', 'KL1008', '2025-08-01'),
('order1410', 'KL1064', '2025-08-01'),
('order1411', 'KL1149', '2025-08-01'),
('order1412', 'KL1203', '2025-08-01'),
('order1413', 'KL1026', '2025-08-01'),
('order1414', 'KL1009', '2025-08-01'),
('order1415', 'KL1277', '2025-08-01'),
('order1416', 'KL1174', '2025-08-01'),
('order1417', 'KL1094', '2025-08-02'),
('order1418', 'KL1126', '2025-08-02'),
('order1419', 'KL1096', '2025-08-02'),
('order1420', 'KL1249', '2025-08-02'),
('order1421', 'KL1042', '2025-08-03'),
('order1422', 'KL1015', '2025-08-03'),
('order1423', 'KL1263', '2025-08-03'),
('order1424', 'KL1287', '2025-08-03'),
('order1425', 'KL1188', '2025-08-03'),
('order1426', 'KL1271', '2025-08-03'),
('order1427', 'KL1026', '2025-08-03'),
('order1428', 'KL1276', '2025-08-03'),
('order1429', 'KL1164', '2025-08-03'),
('order1430', 'KL1272', '2025-08-04'),
('order1431', 'KL1109', '2025-08-04'),
('order1432', 'KL1002', '2025-08-04'),
('order1433', 'KL1120', '2025-08-04'),
('order1434', 'KL1142', '2025-08-04'),
('order1435', 'KL1098', '2025-08-05'),
('order1436', 'KL1040', '2025-08-05'),
('order1437', 'KL1164', '2025-08-05'),
('order1438', 'KL1106', '2025-08-05'),
('order1439', 'KL1029', '2025-08-06'),
('order1440', 'KL1256', '2025-08-06'),
('order1441', 'KL1093', '2025-08-06'),
('order1442', 'KL1275', '2025-08-06'),
('order1443', 'KL1045', '2025-08-06'),
('order1444', 'KL1058', '2025-08-06'),
('order1445', 'KL1011', '2025-08-06'),
('order1446', 'KL1023', '2025-08-06'),
('order1447', 'KL1168', '2025-08-06'),
('order1448', 'KL1271', '2025-08-07'),
('order1449', 'KL1022', '2025-08-07'),
('order1450', 'KL1178', '2025-08-07'),
('order1451', 'KL1240', '2025-08-07'),
('order1452', 'KL1191', '2025-08-07'),
('order1453', 'KL1010', '2025-08-07'),
('order1454', 'KL1080', '2025-08-07'),
('order1455', 'KL1176', '2025-08-08'),
('order1456', 'KL1154', '2025-08-08'),
('order1457', 'KL1238', '2025-08-08'),
('order1458', 'KL1173', '2025-08-08'),
('order1459', 'KL1152', '2025-08-08'),
('order1460', 'KL1112', '2025-08-09'),
('order1461', 'KL1038', '2025-08-09'),
('order1462', 'KL1155', '2025-08-09'),
('order1463', 'KL1037', '2025-08-09'),
('order1464', 'KL1002', '2025-08-09'),
('order1465', 'KL1189', '2025-08-09'),
('order1466', 'KL1267', '2025-08-09'),
('order1467', 'KL1012', '2025-08-10'),
('order1468', 'KL1242', '2025-08-10'),
('order1469', 'KL1225', '2025-08-10'),
('order1470', 'KL1130', '2025-08-10'),
('order1471', 'KL1260', '2025-08-10'),
('order1472', 'KL1199', '2025-08-11'),
('order1473', 'KL1009', '2025-08-11'),
('order1474', 'KL1044', '2025-08-11'),
('order1475', 'KL1139', '2025-08-11'),
('order1476', 'KL1149', '2025-08-11'),
('order1477', 'KL1219', '2025-08-11'),
('order1478', 'KL1248', '2025-08-11'),
('order1479', 'KL1019', '2025-08-12'),
('order1480', 'KL1143', '2025-08-12'),
('order1481', 'KL1005', '2025-08-12'),
('order1482', 'KL1146', '2025-08-13'),
('order1483', 'KL1015', '2025-08-13'),
('order1484', 'KL1188', '2025-08-13'),
('order1485', 'KL1220', '2025-08-13'),
('order1486', 'KL1143', '2025-08-13'),
('order1487', 'KL1084', '2025-08-13'),
('order1488', 'KL1021', '2025-08-13'),
('order1489', 'KL1288', '2025-08-14'),
('order1490', 'KL1002', '2025-08-14'),
('order1491', 'KL1256', '2025-08-14'),
('order1492', 'KL1287', '2025-08-14'),
('order1493', 'KL1122', '2025-08-14');

-- --------------------------------------------------------

--
-- Tabelstructuur voor tabel `tblproducten`
--

CREATE TABLE `tblproducten` (
  `artnr` varchar(10) COLLATE utf8_unicode_ci NOT NULL,
  `productgroep` varchar(40) COLLATE utf8_unicode_ci NOT NULL,
  `product` varchar(60) COLLATE utf8_unicode_ci NOT NULL,
  `omschrijving` text COLLATE utf8_unicode_ci NOT NULL,
  `prijs` decimal(10,2) NOT NULL
) ENGINE=InnoDB DEFAULT CHARSET=utf8 COLLATE=utf8_unicode_ci;

--
-- Gegevens worden geëxporteerd voor tabel `tblproducten`
--

INSERT INTO `tblproducten` (`artnr`, `productgroep`, `product`, `omschrijving`, `prijs`) VALUES
('art0101', 'cat001', 'Legendary Greenway Burger', 'Deze revolutionaire, 100% plantaardige burger van Greenway zal geen enkele vleesliefhebber teleurstellen. Proef deze heerlijke burger met gebakken rode ui, augurk, mosterddressing, ketchup, vegan kaas, tomaat en sla. Tip: Voor optimale smaak, steek de burger nog 30sec met de verpakking in de microgolfoven.', '12.80'),
('art0102', 'cat004', 'Platter voor 8 personen', '4x Greenway\'s Kebab Wrap + 4x Falafel Wrap', '90.00'),
('art0103', 'cat004', 'Platter voor 4 personen', '2x Greenway\'s Kebab Wrap + 2x Falafel Wrap', '45.00'),
('art0104', 'cat001', 'Red pepper burger', 'Greenway\'s smoked paprika burger met homemade guacamole, jalapeno\'s, tomaat, cajunsaus, tortilla chips, seldersalade en gemengde sla', '11.20'),
('art0105', 'cat001', 'Magic mushroom burger', 'Greenway’s holy shiitake burger met Aziatisch gepekelde groentjes, krokant gebakken ajuintjes, pompoenpitten en een limoen-gembersaus', '10.80'),
('art0106', 'cat003', 'Greenway\'s kebab wrap', 'Tortilla gevuld met Greenway\'s plantaardige kebab, tomaat, rode ui, witte kool, sla, seldersalade en homemade aioli', '10.80'),
('art0107', 'cat003', 'Falafel wrap', 'Tortilla gevuld met Greenway\'s falafels, tomaat, rode ui, gegrilde groenten, sla en een muntsaus', '10.80'),
('art0108', 'cat002', 'Thaise gele curry bowl', 'Rijstschotel met milde gele curry, kokos, gegrilde groentjes en Greenway’s Chick’Pieces. Rijkelijk afgewerkt met nootjes, kerstomaatjes, gebakken uitjes, bloemkoolcrumble, gegrilde paprika, en verse koriander', '14.80'),
('art0109', 'cat005', 'Classic wedges', 'Aardappel wedges met homemade tartaarsaus (Glutenvrij)', '4.90'),
('art0110', 'cat005', 'Gemengd Seizoensslaatje', 'Glutenvrij', '4.90'),
('art0111', 'cat005', 'Tortilla Chips met Guacamole en Smokey Chipotle Salsa', 'Glutenvrij', '4.90'),
('art0112', 'cat005', 'Zoete aardappelwedges met limoen-gember saus', 'Glutenvrij', '5.10'),
('art0113', 'cat005', 'Verse soep groot met brood', 'KOM soep', '4.90'),
('art0114', 'cat006', 'Yügen Kombucha', 'Keuze uit pineapple-chili, ginger-lemon, apple-mint', '3.80'),
('art0115', 'cat007', 'Wortelcake', 'Vegan wortelcake', '3.50'),
('art0116', 'cat007', 'Greenway\'s brownie', 'Greenway\'s brownie', '3.50');

-- --------------------------------------------------------

--
-- Tabelstructuur voor tabel `tblprofi`
--

CREATE TABLE `tblprofi` (
  `profiID` varchar(10) COLLATE utf8_unicode_ci NOT NULL,
  `type` varchar(15) COLLATE utf8_unicode_ci NOT NULL,
  `gewicht` varchar(15) COLLATE utf8_unicode_ci NOT NULL,
  `product` varchar(100) COLLATE utf8_unicode_ci NOT NULL,
  `allergeenvrij` varchar(5) COLLATE utf8_unicode_ci NOT NULL
) ENGINE=InnoDB DEFAULT CHARSET=utf8 COLLATE=utf8_unicode_ci;

--
-- Gegevens worden geëxporteerd voor tabel `tblprofi`
--

INSERT INTO `tblprofi` (`profiID`, `type`, `gewicht`, `product`, `allergeenvrij`) VALUES
('prod001', 'vegan', '30 x 120 g', 'Vegan Greenway Burger rauw', 'ja'),
('prod002', 'veggie', '3 x 100 g', 'Veggie gehaktburger', ''),
('prod003', 'vegan', '24 x 100g', 'Vegan Mexican Pepper Burger', ''),
('prod004', 'veggie', '100 x 25g', 'Veggie gehaktballetjes', ''),
('prod005', 'vegan', '2 x 1,5 kg', 'Vegan gyros', ''),
('prod006', 'veggie', '40 x 80 g', 'Veggie witte worst met tuinkruiden', ''),
('prod007', 'vegan', '2 x 2,5 kg', 'Vegan filetstukjes just like chicken', ''),
('prod008', 'vegan', '3 x 2 kg', 'Vegan stoofvlees', ''),
('prod009', 'vegan', '3 x 2 kg', 'Vegan Bolognaisesaus', ''),
('prod010', 'vegan', '3 x 2 kg', 'Vegan vol-au-vent', ''),
('prod011', 'veggie', '4 x 3 kg', 'Veggie moussaka', ''),
('prod012', 'veggie', '4 x 3 kg', 'Veggie lasagne met spinazie en gehakt', ''),
('prod013', 'vegan', '2 x 1 kg', 'Vegan groenteballetjes', 'ja'),
('prod014', 'vegan', '15 x 175 g', 'Vegan gevulde paprika', 'ja'),
('prod015', 'vegan', '3 kg', 'Vegan gehakt rauw', 'ja');

--
-- Indexen voor geëxporteerde tabellen
--

--
-- Indexen voor tabel `tblcategorie`
--
ALTER TABLE `tblcategorie`
  ADD PRIMARY KEY (`catID`);

--
-- Indexen voor tabel `tblfestivals`
--
ALTER TABLE `tblfestivals`
  ADD PRIMARY KEY (`idnl`);

--
-- Indexen voor tabel `tblklanten`
--
ALTER TABLE `tblklanten`
  ADD PRIMARY KEY (`klantID`);

--
-- Indexen voor tabel `tblorderlijnen`
--
ALTER TABLE `tblorderlijnen`
  ADD PRIMARY KEY (`lijnID`);

--
-- Indexen voor tabel `tblorders`
--
ALTER TABLE `tblorders`
  ADD PRIMARY KEY (`orderID`);

--
-- Indexen voor tabel `tblproducten`
--
ALTER TABLE `tblproducten`
  ADD PRIMARY KEY (`artnr`),
  ADD KEY `artnr` (`artnr`);

--
-- Indexen voor tabel `tblprofi`
--
ALTER TABLE `tblprofi`
  ADD PRIMARY KEY (`profiID`);
COMMIT;

/*!40101 SET CHARACTER_SET_CLIENT=@OLD_CHARACTER_SET_CLIENT */;
/*!40101 SET CHARACTER_SET_RESULTS=@OLD_CHARACTER_SET_RESULTS */;
/*!40101 SET COLLATION_CONNECTION=@OLD_COLLATION_CONNECTION */;
